entity,date,day_of_week,is_weekend,siem_events_total,siem_unique_destination_addr,siem_unique_source_process,siem_unique_event_class,siem_unique_category,siem_unique_name,siem_unique_hours,siem_night_share,siem_business_share,pan_events_total,pan_unique_destination_addr,pan_unique_event_class,pan_unique_category,pan_unique_name,pan_unique_hours,pan_night_share,pan_business_share,pan_share_of_all_events
user001,2025-12-08,0,0,9843,20,0,0,0,12,24,0.1647871583866707,0.5655795997155338,8091,348,0,0,1,24,0.2489185514769497,0.4078605858361142,0.4511542321846771
user001,2025-12-09,1,0,11552,23,0,0,0,16,24,0.1515754847645429,0.6110630193905817,7999,494,0,0,1,24,0.2399049881235154,0.5355669458682335,0.4091350826044703
user001,2025-12-10,2,0,9868,19,0,0,0,11,24,0.1687271990271585,0.5599918929874341,5434,427,0,0,1,24,0.0942215679057784,0.4703717335296282,0.3551169781727878
user001,2025-12-11,3,0,10329,19,0,0,0,11,24,0.1753315906670539,0.5538774324716816,8662,369,0,0,1,24,0.2308935580697298,0.3969060263218656,0.4561107893212574
user001,2025-12-12,4,0,11757,21,0,0,0,10,24,0.1576082333928723,0.5227524028238496,10500,385,0,0,1,24,0.1745714285714285,0.4806666666666667,0.4717616929505324
user001,2025-12-13,5,1,6936,15,0,0,0,8,24,0.2472606689734717,0.4042675893886966,8780,300,0,0,1,24,0.2452164009111617,0.3839407744874715,0.5586663273097481
user001,2025-12-14,6,1,6857,13,0,0,0,6,24,0.2458801225025521,0.3817996208254338,8962,322,0,0,1,24,0.2415755411738451,0.3804954251283196,0.5665339149124471
user002,2025-12-08,0,0,5707,12,0,0,0,10,24,0.2199053793586823,0.4489223760294375,9381,252,0,0,1,24,0.2739580002131969,0.3579575738194222,0.6217523860021209
user002,2025-12-09,1,0,6605,11,0,0,0,10,24,0.1930355791067373,0.4651021953065859,11047,432,0,0,1,24,0.2045804290757671,0.4923508644880963,0.6258214366644006
user002,2025-12-10,2,0,7246,14,0,0,0,8,24,0.1758211426994203,0.528153463980127,15330,533,0,0,1,24,0.1435746901500326,0.6176777560339204,0.6790396881644224
user002,2025-12-11,3,0,7313,14,0,0,0,15,24,0.1631341446738684,0.5190756187611103,13769,574,0,0,1,24,0.1965284334374319,0.5049023167986055,0.6531164026183474
user002,2025-12-12,4,0,6652,16,0,0,0,15,24,0.1979855682501503,0.5076668671076368,10086,385,0,0,1,24,0.2441998810232004,0.5467975411461432,0.6025809535189389
user002,2025-12-13,5,1,5191,12,0,0,0,8,24,0.1691388942400308,0.4999036794451936,4419,414,0,0,1,24,0.157275401674587,0.5641547861507128,0.4598335067637877
user002,2025-12-14,6,1,4372,12,0,0,0,8,24,0.2296431838975297,0.3934126258005489,4229,302,0,0,1,24,0.2208559943248995,0.4315441002601087,0.4916870131380072
user003,2025-12-08,0,0,7693,17,4,8,0,8,18,0.0,0.5046145846873782,36,4,2,0,1,8,0.0,0.5277777777777778,0.0046577823780566
user003,2025-12-09,1,0,9405,18,4,6,0,6,24,0.1776714513556618,0.4738968633705476,16,3,1,0,1,8,0.375,0.3125,0.001698333510243
user003,2025-12-10,2,0,9404,17,3,6,0,6,24,0.2038494257762654,0.4646958740961293,32,3,1,0,1,12,0.28125,0.4375,0.0033912674862229
user003,2025-12-11,3,0,9313,18,3,6,0,6,24,0.1978954150112745,0.5422527649522173,28,2,1,0,1,11,0.4642857142857143,0.2142857142857142,0.002997537736859
user003,2025-12-12,4,0,4046,15,3,6,0,6,23,0.2785467128027681,0.5514087988136431,27,3,2,0,1,12,0.074074074074074,0.5555555555555556,0.0066290203780996
user003,2025-12-13,5,1,44,4,1,5,0,5,18,0.1363636363636363,0.6363636363636364,13,3,1,0,1,10,0.3076923076923077,0.3846153846153846,0.2280701754385964
user003,2025-12-14,6,1,78,6,1,6,0,6,23,0.4743589743589743,0.1666666666666666,34,3,1,0,1,15,0.3529411764705882,0.2058823529411764,0.3035714285714285
user005,2025-12-08,0,0,7131,21,0,0,0,13,24,0.0378628523348758,0.7610433319310055,8050,671,0,0,1,23,0.008695652173913,0.7366459627329193,0.5302680982807456
user005,2025-12-09,1,0,6628,20,0,0,0,14,24,0.0493361496680748,0.7269161134580567,12749,701,0,0,1,24,0.0480822025256882,0.7337046042826888,0.6579449863239923
user005,2025-12-10,2,0,11106,21,0,0,0,13,24,0.0379974788402665,0.8018188366648659,10249,718,0,0,1,24,0.0894721436237681,0.4576056200604937,0.4799344415827675
user005,2025-12-11,3,0,9628,21,0,0,0,10,24,0.1239094308267552,0.6988990444536768,7277,508,0,0,1,24,0.0714580184141816,0.6666208602446063,0.4304643596569062
user005,2025-12-12,4,0,8796,24,0,0,0,11,24,0.0972032742155525,0.6994088221919054,24841,777,0,0,1,24,0.017994444668089,0.9042309085785596,0.7385022445521301
user005,2025-12-13,5,1,3234,7,0,0,0,8,24,0.2653061224489796,0.5470006184291899,1593,138,0,0,1,23,0.3094789704959196,0.4708097928436911,0.3300186451211933
user005,2025-12-14,6,1,4010,4,0,0,0,7,24,0.4825436408977556,0.2693266832917705,170,40,0,0,1,12,0.0176470588235294,0.0705882352941176,0.0406698564593301
user006,2025-12-01,0,0,12925,22,29,8,1,10,24,0.1340812379110251,0.5689748549323017,4530,449,3,0,1,24,0.1507726269315673,0.5342163355408388,0.2595244915496992
user006,2025-12-02,1,0,13049,23,25,11,2,13,24,0.1478274197256494,0.5877078703348916,1569,248,3,0,1,21,0.5270873167622689,0.0879541108986615,0.1073334245450814
user006,2025-12-03,2,0,12756,24,30,9,1,10,24,0.1428347444339918,0.5293979303857008,1706,272,3,0,1,22,0.0550996483001172,0.3141852286049238,0.1179643202876504
user006,2025-12-04,3,0,15566,23,34,10,2,13,24,0.1214827187459848,0.5910317358345111,3334,435,3,0,1,23,0.3050389922015596,0.4826034793041391,0.1764021164021164
user006,2025-12-05,4,0,12904,25,29,11,2,11,24,0.1646001239925604,0.5191413515189088,1280,173,3,0,1,22,0.121875,0.571875,0.0902425267907501
user006,2025-12-06,5,1,9684,20,25,17,1,20,24,0.1819496076001652,0.4704667492771582,363,110,3,0,1,22,0.1046831955922865,0.6170798898071626,0.0361301881158554
user006,2025-12-07,6,1,9687,26,47,18,2,21,24,0.1931454526685248,0.5183235263755549,2192,310,2,0,1,23,0.0843978102189781,0.6692518248175182,0.1845273171142352
user006,2025-12-08,0,0,10376,26,30,11,2,11,24,0.1137239784117193,0.5793176561295297,3693,408,2,0,1,24,0.1651773625778499,0.503655564581641,0.2624920036960694
user006,2025-12-09,1,0,10619,23,29,10,1,12,24,0.155476033524814,0.5258498917035502,4876,551,2,0,1,24,0.1628383921246923,0.4565217391304347,0.3146821555340432
user006,2025-12-10,2,0,10466,23,32,10,2,12,24,0.1587043760749092,0.511752340913434,3607,406,3,0,1,24,0.2093152204047685,0.4319378985306348,0.2563064023307042
user006,2025-12-11,3,0,11113,23,33,10,1,12,24,0.1561234590119679,0.5202915504364258,4472,470,2,0,1,24,0.1574239713774597,0.4912790697674418,0.2869425729868463
user006,2025-12-12,4,0,10300,23,37,10,2,10,24,0.171747572815534,0.5051456310679612,5239,455,3,0,1,24,0.1223515938156136,0.6033594197365909,0.337151682862475
user006,2025-12-13,5,1,9138,14,13,9,2,9,24,0.1846137010286714,0.4413438389144233,3557,385,3,0,1,24,0.2153500140567894,0.3947146471745853,0.2801890508074044
user006,2025-12-14,6,1,9605,20,20,18,1,20,24,0.1916710046850598,0.4475793857365955,3786,359,3,0,1,24,0.2263602746962493,0.3560486001056524,0.282727204839071
user006,2025-12-15,0,0,11608,24,30,9,1,9,24,0.1654893177119228,0.5276533425223984,4448,466,2,0,1,24,0.1931205035971223,0.4781924460431654,0.2770303936223218
user006,2025-12-16,1,0,11838,23,32,9,1,9,24,0.1485892887312045,0.614968744720392,3759,375,2,0,1,24,0.1617451449853684,0.5583931896781059,0.2410078861319484
user006,2025-12-17,2,0,10015,21,58,10,1,10,24,0.0787818272591113,0.5943085371942087,3564,439,1,0,1,24,0.1094276094276094,0.5277777777777778,0.2624640989763606
user006,2025-12-18,3,0,11083,23,36,9,1,9,24,0.1269511865018496,0.5663628981322747,3245,399,1,0,1,23,0.147919876733436,0.5318952234206471,0.2264796203238414
user006,2025-12-19,4,0,10735,22,30,9,1,9,24,0.1561248253376805,0.5463437354448067,2595,319,1,0,1,23,0.2003853564547206,0.4308285163776493,0.1946736684171043
user006,2025-12-20,5,1,10084,26,27,21,1,22,24,0.1849464498214994,0.4702499008330028,2462,282,1,0,1,24,0.2424857839155158,0.3489033306255077,0.1962378447313885
user006,2025-12-21,6,1,9667,20,26,20,1,22,24,0.1696493224371573,0.4556739422778524,1813,250,1,0,1,18,0.2713734142305571,0.5432984004412575,0.1579268292682926
user006,2025-12-22,0,0,11356,18,31,9,1,9,24,0.1542796759422331,0.4464600211342022,1916,286,1,0,1,16,0.0,0.6111691022964509,0.1443640747438215
user006,2025-12-23,1,0,10768,23,34,9,1,9,24,0.1666976225854383,0.5164375928677564,2901,331,1,0,1,24,0.2116511547742157,0.432609445018959,0.2122320579413271
user006,2025-12-24,2,0,12002,22,29,10,2,10,24,0.116563906015664,0.6031494750874854,4318,492,2,0,1,24,0.1804075961093098,0.4819360815192218,0.2645833333333333
user006,2025-12-25,3,0,8955,21,30,8,1,8,24,0.1577889447236181,0.5018425460636516,3482,379,3,0,1,24,0.1869615163699023,0.4043653072946582,0.2799710541127281
user006,2025-12-26,4,0,10280,22,36,11,2,11,24,0.141828793774319,0.5363813229571984,3687,429,2,0,1,24,0.2080282072145375,0.414429075128831,0.2639793799670652
user006,2025-12-27,5,1,7343,14,13,7,1,7,24,0.1929728993599346,0.4547187797902765,3344,366,3,0,1,24,0.2117224880382775,0.4476674641148325,0.3129035276504164
user006,2025-12-28,6,1,7674,14,16,8,2,8,24,0.2077143601772217,0.4498305968204326,3332,354,3,0,1,24,0.245798319327731,0.4246698679471788,0.3027439578411775
user006,2025-12-29,0,0,11206,23,36,9,1,9,24,0.1265393539175441,0.587096198465108,3863,441,2,0,1,24,0.1397877297437225,0.4897747864354129,0.2563541044528502
user006,2025-12-30,1,0,8374,22,29,11,2,11,24,0.1646763792691664,0.5890852639121089,3551,385,2,0,1,24,0.1667136018023092,0.6043368065333709,0.2977777777777777
user006,2025-12-31,2,0,3495,5,1,7,1,7,24,0.1542203147353362,0.5278969957081545,1621,188,3,0,1,24,0.2776064157927205,0.4435533621221468,0.3168491008600469
user008,2025-12-07,6,1,4574,16,72,5,1,16,14,0.0,0.5747704416265851,4789,326,1,0,1,17,0.0,0.5046982668615577,0.5114813628110648
user008,2025-12-08,0,0,4843,19,62,6,1,7,13,0.0,0.7051414412554202,4705,351,1,0,1,23,0.0697130712008501,0.5451647183846972,0.4927733556765815
user008,2025-12-09,1,0,1,1,0,1,1,1,1,0.0,1.0,482,44,1,0,1,11,0.7199170124481328,0.0020746887966804,0.9979296066252588
user008,2025-12-11,3,0,4259,20,66,6,1,9,14,0.0,0.6346560225405025,3417,389,1,0,1,17,0.0,0.6081357916300849,0.4451537258989056
user008,2025-12-12,4,0,4654,19,62,6,1,6,17,0.0004297378599054,0.688654920498496,5151,417,1,0,1,24,0.066006600660066,0.650359153562415,0.5253442121366649
user008,2025-12-13,5,1,2363,12,15,6,1,6,21,0.2556072788827761,0.4735505713076597,1854,181,1,0,1,22,0.4460625674217907,0.2222222222222222,0.4396490396016125
user008,2025-12-14,6,1,0,0,0,0,0,0,0,0.0,0.0,32,15,1,0,1,3,0.0,0.0,1.0
user008,2025-12-15,0,0,5234,20,70,6,1,6,13,0.0,0.7363393198318685,3365,265,1,0,1,16,0.0,0.5812778603268945,0.3913245726247238
user008,2025-12-16,1,0,4914,23,62,6,1,6,15,0.0014245014245014,0.7273097273097273,3018,281,1,0,1,18,0.0096090125911199,0.5563286944996687,0.3804841149773071
user008,2025-12-17,2,0,21,3,1,4,1,4,4,1.0,0.0,102,22,1,0,1,4,0.3137254901960784,0.0098039215686274,0.8292682926829268
user008,2025-12-18,3,0,0,0,0,0,0,0,0,0.0,0.0,1,1,1,0,1,1,1.0,0.0,1.0
user008,2025-12-19,4,0,4630,25,63,6,1,6,16,0.0,0.7120950323974082,1511,198,1,0,1,13,0.0,0.6624751819986764,0.246051131737502
user008,2025-12-20,5,1,5266,18,35,6,1,6,19,0.0231674895556399,0.6015951386251425,2933,261,1,0,1,18,0.035799522673031,0.5506307534947154,0.3577265520185388
user008,2025-12-21,6,1,341,9,9,6,1,6,7,0.4838709677419355,0.032258064516129,202,53,1,0,1,3,0.5396039603960396,0.0,0.3720073664825046
user008,2025-12-23,1,0,5942,21,63,5,1,5,13,0.0,0.7314035678222821,0,0,0,0,0,0,0.0,0.0,0.0
user008,2025-12-24,2,0,6195,25,59,5,1,5,16,0.0019370460048426,0.7832122679580307,2792,279,1,0,1,16,0.0,0.5777220630372493,0.3106709691777011
user008,2025-12-25,3,0,19,4,1,4,1,4,4,0.1578947368421052,0.6842105263157895,91,16,1,0,1,4,0.2967032967032967,0.0219780219780219,0.8272727272727273
user008,2025-12-27,5,1,5748,19,57,5,1,5,17,0.0,0.6094293667362561,2855,285,1,0,1,17,0.0,0.5380035026269703,0.3318609787283506
user008,2025-12-28,6,1,6102,20,36,7,1,8,16,0.0221238938053097,0.7300884955752213,2939,287,1,0,1,18,0.0302824089826471,0.5678802313712147,0.3250746598827563
user008,2025-12-29,0,0,33,4,1,4,1,4,7,0.2121212121212121,0.4848484848484848,95,17,1,0,1,4,0.2842105263157894,0.0,0.7421875
user008,2025-12-31,2,0,2354,20,48,5,1,5,12,0.0,0.6843670348343246,1514,194,1,0,1,12,0.0,0.6373844121532365,0.3914167528438469
user009,2025-12-01,0,0,8999,15,28,10,2,14,24,0.166685187243027,0.5023891543504834,9124,246,2,0,1,24,0.240245506356861,0.3871109162647961,0.5034486564034653
user009,2025-12-02,1,0,8312,13,22,6,1,9,24,0.179740134744947,0.4850818094321463,3525,130,1,0,1,17,0.6124822695035461,0.0547517730496453,0.2977950494213061
user009,2025-12-03,2,0,8381,15,27,9,2,10,24,0.1462832597542059,0.5004176112635723,4373,178,2,0,1,22,0.0061742510862108,0.3857763549050995,0.3428728242120119
user009,2025-12-04,3,0,7196,12,26,8,1,11,24,0.1696775986659255,0.4578932740411339,14644,513,2,0,1,24,0.1996722207047254,0.5090139306200492,0.6705128205128205
user009,2025-12-05,4,0,8717,18,24,9,2,10,24,0.150625215096937,0.513135252953998,16779,415,2,0,1,24,0.1803444782168186,0.5506883604505632,0.6581032318795105
user009,2025-12-06,5,1,6385,11,9,6,1,7,24,0.1971808927173061,0.4551292090837901,10591,223,2,0,1,24,0.2742894910773298,0.3840997072986498,0.6238807728557965
user009,2025-12-07,6,1,6955,14,25,9,2,10,24,0.1683680805176132,0.4654205607476635,9879,251,2,0,1,24,0.2679420994027736,0.3787832776596821,0.5868480456219556
user009,2025-12-08,0,0,7611,14,23,8,1,9,24,0.1655498620417816,0.566942583103403,13557,380,2,0,1,24,0.1683263258833075,0.5926827469204101,0.6404478458049887
user009,2025-12-09,1,0,7255,15,23,9,2,10,24,0.1563059958649207,0.5218470020675396,11631,318,2,0,1,24,0.2188117960622474,0.4365058894334107,0.6158530128137244
user009,2025-12-10,2,0,9198,18,26,9,2,9,24,0.1235051098064796,0.5574037834311807,14771,386,2,0,1,24,0.1910500304651005,0.5292126464017332,0.6162543285076557
user009,2025-12-11,3,0,9124,14,31,8,1,8,24,0.1887330118369136,0.5089872862779483,15772,472,2,0,1,24,0.187927973624144,0.5214937864570124,0.6335154241645244
user009,2025-12-12,4,0,8097,14,23,8,1,8,24,0.1816722242805977,0.5079659133012226,19270,1073,2,0,1,24,0.1516865594187856,0.6130254281266216,0.7041327145832572
user009,2025-12-13,5,1,6376,12,8,7,1,7,24,0.169228356336261,0.478513174404015,10762,221,2,0,1,24,0.2639843895186768,0.3907266307377811,0.6279612556891119
user009,2025-12-14,6,1,6775,13,26,7,1,7,24,0.1738745387453874,0.5071586715867159,9536,216,2,0,1,24,0.2378355704697986,0.4044672818791946,0.5846361351235363
user009,2025-12-15,0,0,8231,12,24,5,1,5,24,0.1559956262908516,0.5373587656420848,16877,1155,2,0,1,24,0.1441014398293535,0.5995733838952421,0.6721761988210929
user009,2025-12-16,1,0,7137,20,53,8,1,11,24,0.1794871794871795,0.4728877679697352,16649,986,1,0,1,24,0.1799507477926602,0.5607543996636435,0.6999495501555537
user009,2025-12-17,2,0,7369,13,31,8,1,8,24,0.1542950196770253,0.5080743655855612,17050,986,1,0,1,24,0.1531964809384164,0.5686803519061584,0.6982267906138663
user009,2025-12-18,3,0,7247,12,24,6,1,6,24,0.1716572374775769,0.4686076997378225,14424,629,1,0,1,24,0.180255130338325,0.5489462007764836,0.6655899589312907
user009,2025-12-19,4,0,7830,13,23,7,1,7,24,0.1812260536398467,0.4980842911877394,15348,1262,1,0,1,24,0.1688819390148553,0.6042481105029971,0.6621796531193374
user009,2025-12-20,5,1,7692,12,25,5,1,6,24,0.171996879875195,0.4889495579823193,8887,192,1,0,1,24,0.2448520310565995,0.392033307077754,0.5360395681283552
user009,2025-12-21,6,1,7072,15,21,7,1,7,24,0.1995192307692307,0.428591628959276,8720,177,1,0,1,24,0.2458715596330275,0.3893348623853211,0.5521783181357649
user009,2025-12-22,0,0,7891,15,26,7,1,7,24,0.1751362311494107,0.470155873780256,14188,796,1,0,1,24,0.1498449393853961,0.545531435015506,0.6426015670999592
user009,2025-12-23,1,0,8320,13,26,7,1,8,24,0.1658653846153846,0.4558894230769231,14201,299,1,0,1,24,0.2309696500246461,0.4626434758115625,0.6305670263309799
user009,2025-12-24,2,0,8359,13,30,8,1,8,24,0.1732264624955138,0.4933604498145711,16157,537,1,0,1,24,0.1661199480101504,0.6216500587980441,0.6590389949420786
user009,2025-12-25,3,0,7490,13,29,8,2,8,24,0.1779706275033377,0.4639519359145527,14941,948,2,0,1,24,0.1486513620239609,0.5942038685496286,0.6660871115866435
user009,2025-12-26,4,0,8245,13,28,6,2,6,24,0.1673741661613098,0.4920557913887204,19292,1133,3,0,1,24,0.1323346464855898,0.5498133941530168,0.7005846679013691
user009,2025-12-27,5,1,7139,12,23,7,1,7,24,0.1977868048746323,0.4308726712424709,14416,259,2,0,1,24,0.2794117647058823,0.3776359600443951,0.6688007422871723
user009,2025-12-28,6,1,6420,11,7,8,2,8,24,0.2116822429906542,0.4158878504672897,12701,188,2,0,1,24,0.2232895047634044,0.3890244862609243,0.664243501908896
user009,2025-12-29,0,0,8441,18,26,8,1,8,24,0.17000355408127,0.5329937211230897,16059,459,2,0,1,24,0.2180085933121614,0.5090603399962638,0.655469387755102
user009,2025-12-30,1,0,8023,15,27,10,2,11,24,0.1764925838215131,0.483235697370061,10516,264,3,0,1,24,0.2475275770254849,0.3781856219094713,0.567236636280274
user009,2025-12-31,2,0,6937,14,22,7,1,7,24,0.2029695833933977,0.4581231079717457,9809,270,3,0,1,24,0.2901417065959832,0.3591599551432358,0.585751821330467
user010,2025-12-01,0,0,12379,23,78,10,1,15,24,0.1064706357540996,0.6254140075935052,11132,504,2,0,1,24,0.229698167445203,0.3576176787639238,0.4734804984900684
user010,2025-12-02,1,0,11226,21,38,10,1,16,24,0.0439159094958132,0.5507749866381614,3971,160,3,0,1,22,0.5268194409468647,0.0904054394359103,0.2613015726788182
user010,2025-12-03,2,0,13647,21,37,12,1,15,24,0.0713709972887814,0.6487140030775995,4411,288,3,0,1,19,0.0945363863069598,0.2029018363182951,0.2442684682689113
user010,2025-12-04,3,0,13258,22,38,10,2,13,24,0.0745964700558153,0.5709760144818223,10711,397,2,0,1,24,0.246195499953319,0.3587900289422089,0.4468688722933789
user010,2025-12-05,4,0,14655,21,31,10,1,13,24,0.1181166837256909,0.5527806209484818,10715,403,3,0,1,24,0.2380774615025665,0.3777881474568362,0.4223492313756405
user010,2025-12-06,5,1,5282,14,11,10,1,10,24,0.2249148049981068,0.3750473305566073,9838,184,3,0,1,24,0.2402927424273226,0.3496645659686928,0.6506613756613756
user010,2025-12-07,6,1,5211,14,10,10,1,10,24,0.2203032047591633,0.3849549030896181,8370,189,3,0,1,24,0.3103942652329749,0.4111111111111111,0.6163021868787276
user010,2025-12-08,0,0,13056,20,40,11,1,16,24,0.08984375,0.6553308823529411,9744,356,3,0,1,24,0.1990968801313629,0.4368842364532019,0.4273684210526315
user010,2025-12-09,1,0,14081,18,33,9,1,12,24,0.0968681201619203,0.4503231304594844,9495,389,2,0,1,24,0.2238020010531859,0.3725118483412322,0.4027400746521886
user010,2025-12-10,2,0,12512,22,41,11,1,13,24,0.1007832480818414,0.5571451406649617,10049,355,2,0,1,24,0.2141506617573887,0.3714797492287789,0.4454146536057798
user010,2025-12-11,3,0,14132,28,71,10,1,14,24,0.0839230116048683,0.6207896971412398,11768,374,2,0,1,24,0.2076818490822569,0.397093813732155,0.4543629343629343
user010,2025-12-12,4,0,11310,21,33,12,2,12,24,0.1188328912466843,0.6365163572060124,13105,435,2,0,1,24,0.1947348340328119,0.4602060282334986,0.536760188408765
user010,2025-12-13,5,1,4930,13,13,12,2,12,24,0.2411764705882353,0.3864097363083164,9835,180,2,0,1,24,0.2281647178444331,0.3760040671072699,0.666102268879106
user010,2025-12-14,6,1,5248,13,12,9,1,9,24,0.2581935975609756,0.3734756097560975,9572,175,3,0,1,24,0.2317175094024237,0.3588591725867112,0.6458839406207827
user010,2025-12-15,0,0,11234,20,39,10,1,10,24,0.132455047178209,0.5532312622396297,12481,516,3,0,1,24,0.1983815399407098,0.4148706033170419,0.5262913767657601
user010,2025-12-16,1,0,12714,26,51,11,1,13,24,0.1110586754758534,0.556237218813906,10517,362,1,0,1,24,0.225824854996672,0.3708281829419035,0.4527140458869614
user010,2025-12-17,2,0,12067,22,37,10,1,10,24,0.1251346647882655,0.5563934697936521,7156,344,1,0,1,18,0.3198714365567356,0.4793180547792062,0.3722623940071789
user010,2025-12-18,3,0,13722,26,65,11,1,11,24,0.1037020842442792,0.5617985716367876,4532,271,1,0,1,10,0.0,0.2661076787290379,0.2482743508272159
user010,2025-12-19,4,0,13353,25,65,10,1,10,24,0.0896427769040665,0.5606979704935221,7528,315,1,0,1,20,0.2788257173219979,0.4998671625929862,0.3605191322254681
user010,2025-12-20,5,1,5668,16,34,11,1,11,24,0.1880733944954128,0.418136908962597,0,0,0,0,0,0,0.0,0.0,0.0
user010,2025-12-21,6,1,5244,11,11,9,1,9,24,0.2311212814645309,0.3882532418001526,0,0,0,0,0,0,0.0,0.0,0.0
user010,2025-12-22,0,0,11980,22,34,9,1,9,24,0.1008347245409015,0.5623539232053423,1818,65,1,0,1,4,0.0,0.0,0.1317582258298304
user010,2025-12-23,1,0,12155,22,36,11,1,11,24,0.1133689839572192,0.5408473879062115,10053,322,1,0,1,24,0.2139659803043867,0.3807818561623396,0.4526747118155619
user010,2025-12-24,2,0,12859,25,66,11,1,12,24,0.0977525468543432,0.6051014853410063,11187,466,3,0,1,24,0.19960668633235,0.4086886564762671,0.4652333028362305
user010,2025-12-25,3,0,10783,24,43,11,1,12,24,0.1055364926272836,0.5616247797458963,10451,448,2,0,1,24,0.2015118170509999,0.391063056166874,0.4921823490628237
user010,2025-12-26,4,0,13600,25,38,12,2,12,24,0.12,0.6259558823529412,10619,397,3,0,1,24,0.202938129767398,0.4112439966098503,0.4384574094719022
user010,2025-12-27,5,1,6952,24,65,12,2,12,24,0.1717491369390103,0.5514959723820483,9757,339,3,0,1,24,0.2266065388951522,0.3850568822383929,0.5839368005266623
user010,2025-12-28,6,1,5371,15,14,11,1,11,24,0.24315769875256,0.3731148761869298,9492,186,2,0,1,24,0.241677201854193,0.3434471133586178,0.6386328466662181
user010,2025-12-29,0,0,12043,23,43,11,1,11,24,0.120401893215976,0.6314041351822636,10504,421,2,0,1,24,0.2035415079969535,0.402989337395278,0.4658712910808533
user010,2025-12-30,1,0,9698,22,37,10,1,10,24,0.1268302742833573,0.6466281707568571,10046,381,2,0,1,24,0.2312363129603822,0.3769659565996416,0.5088128038897893
user010,2025-12-31,2,0,5625,14,12,9,2,9,24,0.2336,0.3960888888888889,9330,160,3,0,1,24,0.255091103965702,0.3484458735262594,0.6238716148445336
user011,2025-12-01,0,0,6554,33,6,10,2,13,24,0.1359475129691791,0.5259383582545011,9742,351,2,0,1,24,0.2359885033873948,0.3956066516115787,0.5978154148257241
user011,2025-12-02,1,0,6679,24,6,10,2,13,24,0.1861057044467734,0.4746219493936218,3683,187,2,0,1,14,0.6280206353516156,0.0540320390985609,0.3554333140320401
user011,2025-12-03,2,0,6294,23,7,12,2,13,24,0.1752462662853511,0.4601207499205592,3238,194,2,0,1,10,0.0,0.3431130327362569,0.3396978598405371
user011,2025-12-04,3,0,5637,31,6,10,2,11,24,0.1832535036366862,0.4113890367216604,10568,420,2,0,1,24,0.2215177895533686,0.4050908402725208,0.6521443998765813
user011,2025-12-05,4,0,5561,33,4,5,2,5,24,0.1832404243841035,0.4662830426182341,10231,406,2,0,1,24,0.2138598377480207,0.3955625061088847,0.6478596757852076
user011,2025-12-06,5,1,4112,19,2,4,2,4,24,0.2480544747081712,0.3720817120622568,9243,283,2,0,1,24,0.2542464567781023,0.3847235745969923,0.6921003369524522
user011,2025-12-07,6,1,4888,24,5,10,2,11,24,0.2037643207855974,0.4384206219312602,9669,333,2,0,1,24,0.247285138070121,0.3748060812907229,0.6642165281307962
user011,2025-12-08,0,0,6266,27,4,8,2,8,24,0.1698052984360038,0.529364826045324,9539,349,2,0,1,24,0.2408009225285669,0.4100010483279169,0.6035431825371718
user011,2025-12-09,1,0,5374,33,6,8,2,9,24,0.1875697804242649,0.4689244510606624,9339,433,2,0,1,24,0.2569868294249919,0.4255273583895492,0.634744783524774
user011,2025-12-10,2,0,5323,32,6,12,2,13,24,0.1309411985722337,0.5292128498966748,4486,416,2,0,1,24,0.1399910833704859,0.5129291127953634,0.4573351004179835
user011,2025-12-11,3,0,4807,29,6,8,2,9,24,0.1653838152693988,0.4770126898273351,3546,359,2,0,1,24,0.1793570219966159,0.4698251551043429,0.4245181371962169
user011,2025-12-12,4,0,6240,33,4,5,2,5,24,0.1464743589743589,0.5576923076923077,6688,502,2,0,1,24,0.1101973684210526,0.6541566985645934,0.5173267326732673
user011,2025-12-13,5,1,5993,37,4,4,2,4,24,0.175704989154013,0.5231102953445687,3515,376,2,0,1,24,0.1735419630156472,0.5004267425320057,0.3696886832141354
user011,2025-12-14,6,1,5745,37,4,4,2,4,24,0.1817232375979112,0.5176675369886858,4813,508,2,0,1,24,0.1261167670891336,0.6719301890712653,0.4558628528130328
user011,2025-12-15,0,0,6122,43,5,8,2,9,24,0.1703691604050963,0.4371120548840248,3972,456,2,0,1,24,0.1570996978851963,0.4504028197381671,0.3935010897562909
user011,2025-12-16,1,0,5208,49,6,9,2,10,24,0.2050691244239631,0.4769585253456221,5943,554,2,0,1,24,0.116271243479724,0.5207807504627293,0.5329566854990584
user011,2025-12-17,2,0,7997,47,6,8,2,9,24,0.1275478304364136,0.4552957359009628,4731,437,2,0,1,24,0.1674064679771718,0.4468399915451279,0.3717001885606537
user011,2025-12-18,3,0,13415,42,5,9,2,9,24,0.4426388371226239,0.2778233320909429,2678,335,2,0,1,21,0.2651232262882748,0.2195668409260642,0.1664077549245013
user011,2025-12-19,4,0,5941,47,6,6,2,6,24,0.165123716546036,0.5130449419289682,3258,384,2,0,1,24,0.190914671577655,0.438305709023941,0.3541689314055876
user011,2025-12-20,5,1,4039,34,6,13,2,15,24,0.2453577618222332,0.3738549145828175,2089,271,2,0,1,20,0.3389181426519866,0.3336524652943992,0.3408942558746736
user011,2025-12-21,6,1,4211,38,5,16,2,18,24,0.2415103300878651,0.3811446212301116,2912,342,2,0,1,23,0.184065934065934,0.4495192307692308,0.4088165098975151
user011,2025-12-22,0,0,5666,31,5,5,2,5,24,0.1759618778679844,0.5352982703847512,2209,376,2,0,1,15,0.0,0.663196016296967,0.2805079365079365
user011,2025-12-23,1,0,5043,46,6,10,2,11,24,0.2076145151695419,0.4566726155066429,2663,337,2,0,1,23,0.2470897484040555,0.3638753285767931,0.3455748767194393
user011,2025-12-24,2,0,4939,41,6,11,2,12,24,0.1712897347641223,0.4976715934399676,3231,410,2,0,1,24,0.1918910554008047,0.4051377282575054,0.3954712362301101
user011,2025-12-25,3,0,6005,45,6,7,2,8,24,0.1522064945878434,0.6133222314737719,3307,390,2,0,1,24,0.2270940429392198,0.3997580889023284,0.3551331615120275
user011,2025-12-26,4,0,4418,47,8,11,2,12,24,0.1770031688546853,0.4827976459936623,4534,533,2,0,1,24,0.1515218350242611,0.3689898544331716,0.506478999106345
user011,2025-12-27,5,1,3276,49,6,22,2,23,24,0.1623931623931624,0.3867521367521367,3011,358,2,0,1,24,0.2052474261042843,0.3593490534706077,0.4789247653888977
user011,2025-12-28,6,1,3036,37,7,20,2,21,24,0.2124505928853755,0.4505928853754941,2992,337,2,0,1,24,0.2372994652406417,0.356283422459893,0.4963503649635036
user011,2025-12-29,0,0,3206,43,7,11,2,12,24,0.1706175920149719,0.4794135995009357,3202,367,2,0,1,24,0.1811367895065584,0.4212991880074953,0.4996878901373283
user011,2025-12-30,1,0,3090,44,6,17,2,18,24,0.1932038834951456,0.4385113268608414,2872,326,2,0,1,24,0.278899721448468,0.3736072423398329,0.4817175444481718
user011,2025-12-31,2,0,2963,46,7,18,2,19,24,0.1839352008099898,0.4768815389807627,3153,352,2,0,1,24,0.2267681573104979,0.3945448778940691,0.5155330281229562
user012,2025-12-01,0,0,8806,23,7,10,1,12,24,0.1619350442879854,0.5417896888485124,4105,343,2,0,1,24,0.174177831912302,0.5369062119366627,0.3179459375726125
user012,2025-12-02,1,0,8885,17,6,8,1,10,24,0.1760270118176702,0.4910523353967361,1692,187,2,0,1,21,0.4858156028368794,0.2257683215130023,0.1599697456745769
user012,2025-12-03,2,0,8459,19,7,9,2,9,24,0.1698782361981321,0.4924932025062064,1428,178,3,0,1,19,0.0490196078431372,0.3165266106442577,0.1444320825326185
user012,2025-12-04,3,0,8073,22,6,9,2,9,24,0.1483958875263223,0.5610058218753871,4837,420,2,0,1,24,0.1895803183791606,0.5701881331403763,0.3746707978311386
user012,2025-12-05,4,0,7723,20,6,9,1,9,24,0.1287064612197332,0.5541887867409038,3585,312,2,0,1,24,0.1857740585774058,0.4705718270571827,0.317032189600283
user012,2025-12-06,5,1,6682,13,2,9,2,9,24,0.2460341215205028,0.419784495659982,2035,213,2,0,1,24,0.2221130221130221,0.3705159705159705,0.2334518756452908
user012,2025-12-07,6,1,6350,10,2,4,1,4,24,0.228503937007874,0.3765354330708661,2185,223,2,0,1,24,0.2421052631578947,0.3789473684210526,0.2560046865846514
user012,2025-12-08,0,0,10810,24,7,13,1,14,24,0.1414431082331174,0.6162812210915819,4138,366,2,0,1,24,0.1034316094731754,0.5993233446109232,0.2768263312817768
user012,2025-12-09,1,0,9727,17,6,9,2,9,24,0.1564716767759843,0.5596792433432713,3817,368,2,0,1,24,0.159287398480482,0.5176840450615666,0.2818222090962788
user012,2025-12-10,2,0,8421,21,7,10,2,10,24,0.173019831373946,0.5791473696710604,3925,411,2,0,1,24,0.1444585987261146,0.658343949044586,0.3179167341649117
user012,2025-12-11,3,0,7700,23,6,11,2,11,24,0.1375324675324675,0.5697402597402598,3115,305,3,0,1,24,0.2064205457463884,0.4908507223113965,0.2880258899676375
user012,2025-12-12,4,0,9997,24,6,9,1,9,24,0.1319395818745623,0.6164849454836451,5350,395,2,0,1,24,0.0938317757009345,0.6986915887850468,0.3486023327034599
user012,2025-12-13,5,1,6067,20,7,14,2,15,24,0.2103181143893192,0.4974451953189385,3106,277,2,0,1,24,0.2678686413393432,0.4124275595621378,0.3386024201460809
user012,2025-12-14,6,1,5194,13,4,8,1,8,24,0.2427801309202926,0.3966114747785906,2765,245,2,0,1,24,0.2481012658227848,0.352260397830018,0.34740545294635
user012,2025-12-15,0,0,10177,28,7,12,1,13,24,0.1275424977891323,0.6161933772231503,3811,394,2,0,1,24,0.1946995539228549,0.4641826292311729,0.2724478124106377
user012,2025-12-16,1,0,9442,23,6,10,1,10,24,0.1621478500317729,0.5458589281931794,4333,375,1,0,1,24,0.0994691899376875,0.689591507039003,0.3145553539019963
user012,2025-12-17,2,0,9588,21,7,11,1,11,24,0.1697955778055903,0.5394242803504381,2174,231,1,0,1,23,0.2387304507819687,0.3551057957681692,0.1848325114776398
user012,2025-12-18,3,0,9736,21,6,10,1,10,24,0.155505341002465,0.527013147082991,2360,262,1,0,1,22,0.197457627118644,0.4245762711864407,0.1951058201058201
user012,2025-12-19,4,0,9727,22,6,10,1,10,24,0.1724067029916726,0.5390151125732497,2677,265,1,0,1,24,0.1576391483003362,0.5151288756070228,0.2158174782328281
user012,2025-12-20,5,1,6318,14,4,8,1,8,24,0.2477049699271921,0.3698955365622032,1291,165,1,0,1,17,0.3640588690937258,0.4608830364058869,0.1696674990143251
user012,2025-12-21,6,1,6442,12,4,8,1,8,24,0.2536479354237814,0.3696057125116423,0,0,0,0,0,0,0.0,0.0,0.0
user012,2025-12-22,0,0,11246,23,6,10,1,11,24,0.136581895785168,0.5890094255735373,1549,194,1,0,1,14,0.0,0.7030342156229825,0.1210629152012504
user012,2025-12-23,1,0,10166,20,6,10,1,10,24,0.1534526854219949,0.5330513476293527,2345,241,1,0,1,24,0.2081023454157782,0.4383795309168443,0.1874350571497082
user012,2025-12-24,2,0,10715,20,6,11,2,11,24,0.1484834344377041,0.5484834344377042,2911,291,2,0,1,24,0.2572998969426314,0.398832016489179,0.2136356964626449
user012,2025-12-25,3,0,12461,20,6,8,1,8,24,0.1341786373485274,0.6248294679399727,2994,334,2,0,1,24,0.1857047428189712,0.4929859719438877,0.1937237140084115
user012,2025-12-26,4,0,10895,19,6,9,2,9,24,0.1517209729233593,0.5942175309775126,2701,301,3,0,1,24,0.1984450203628285,0.4679748241392077,0.198661370991468
user012,2025-12-27,5,1,6753,13,4,9,1,9,24,0.2535169554272175,0.3795350214719384,2340,267,2,0,1,24,0.2059829059829059,0.4239316239316239,0.2573408116133289
user012,2025-12-28,6,1,8795,24,8,21,2,23,24,0.1833996588971006,0.5050596930073905,16531,274,2,0,1,24,0.0336942713689432,0.7758151352005324,0.6527284213851378
user012,2025-12-29,0,0,11378,26,6,11,2,12,24,0.1492353664967481,0.6349973633327474,8684,457,2,0,1,24,0.0520497466605251,0.831759557807462,0.4328581397667231
user012,2025-12-30,1,0,7685,22,7,12,1,13,24,0.1811320754716981,0.5325959661678594,3865,264,2,0,1,24,0.1498059508408797,0.6333764553686934,0.3346320346320346
user012,2025-12-31,2,0,6999,20,7,17,2,18,24,0.1814544934990713,0.5233604800685813,5917,286,2,0,1,24,0.1152611120500253,0.7530843332769985,0.4581139671724992
user013,2025-12-01,0,0,3416,19,50,6,1,11,20,0.1068501170960187,0.4862412177985948,2702,344,1,0,1,20,0.1817172464840858,0.5074019245003701,0.4416475972540046
user013,2025-12-02,1,0,7,1,5,1,1,1,1,0.0,0.0,968,199,1,0,1,4,0.0,0.3832644628099173,0.9928205128205128
user013,2025-12-04,3,0,3774,19,55,5,1,8,17,0.0,0.4933757286698463,2760,339,1,0,1,17,0.0,0.4442028985507246,0.4224058769513314
user013,2025-12-05,4,0,3782,18,21,6,1,7,20,0.2067689053410893,0.4836065573770491,2474,351,1,0,1,20,0.2142279708973322,0.5436540016168149,0.395460358056266
user013,2025-12-06,5,1,11,1,4,1,1,1,1,0.0,0.0,80,17,1,0,1,2,0.0,0.0,0.8791208791208791
user013,2025-12-08,0,0,4056,22,58,6,1,11,18,0.0,0.5475838264299803,3260,345,1,0,1,18,0.0,0.5457055214723926,0.4455986878075451
user013,2025-12-09,1,0,3815,17,22,6,1,8,21,0.1538663171690694,0.546526867627785,4365,561,1,0,1,19,0.1351660939289805,0.6517754868270332,0.5336185819070904
user013,2025-12-10,2,0,14,2,4,2,1,2,2,0.0714285714285714,0.0,60,11,1,0,1,2,0.0,0.0,0.8108108108108109
user013,2025-12-12,4,0,4110,19,71,5,1,11,18,0.0,0.5627737226277372,5747,490,2,0,1,18,0.0,0.7344701583434835,0.5830374353251496
user013,2025-12-13,5,1,2846,20,22,6,1,6,20,0.1725228390723822,0.465917076598735,3152,374,1,0,1,20,0.2071700507614213,0.5279187817258884,0.5255085028342781
user013,2025-12-14,6,1,0,0,0,0,0,0,0,0.0,0.0,50,16,1,0,1,2,0.0,0.0,1.0
user013,2025-12-16,1,0,3290,20,53,6,1,6,18,0.0,0.4796352583586626,2154,302,1,0,1,17,0.0,0.5292479108635098,0.3956649522409993
user013,2025-12-17,2,0,3301,16,21,6,1,6,20,0.1938806422296274,0.5134807634050288,2195,282,1,0,1,20,0.2382687927107061,0.516628701594533,0.3993813682678311
user013,2025-12-18,3,0,26,1,5,1,1,1,1,0.0,0.0,306,67,1,0,1,2,0.0,0.0,0.9216867469879518
user013,2025-12-20,5,1,3222,19,54,5,1,5,18,0.0,0.3525760397268777,2288,318,1,0,1,17,0.0,0.4016608391608391,0.4152450090744101
user013,2025-12-21,6,1,3056,18,20,6,1,6,19,0.1462696335078534,0.5150523560209425,2166,322,1,0,1,19,0.2253000923361034,0.5341643582640813,0.4147836078130984
user013,2025-12-22,0,0,220,11,34,5,1,5,2,0.0,1.0,0,0,0,0,0,0,0.0,0.0,0.0
user013,2025-12-23,1,0,1,1,0,1,1,1,1,0.0,0.0,0,0,0,0,0,0,0.0,0.0,0.0
user013,2025-12-24,2,0,4266,19,53,5,1,5,18,0.0,0.4943741209563994,2822,368,1,0,1,18,0.0,0.4521615875265768,0.39813769751693
user013,2025-12-25,3,0,3999,19,18,6,1,6,21,0.2513128282070517,0.4196049012253063,2805,394,1,0,1,19,0.1825311942959001,0.4966131907308378,0.4122574955908289
user013,2025-12-26,4,0,25,1,6,1,1,1,1,0.0,0.0,46,8,1,0,1,2,0.0,0.0,0.647887323943662
user013,2025-12-29,0,0,2838,19,52,6,1,6,15,0.0,0.5221987315010571,2155,321,1,0,1,13,0.0,0.5248259860788863,0.431604245944322
user013,2025-12-30,1,0,29,3,5,2,1,2,3,0.1724137931034483,0.4827586206896552,66,11,1,0,1,2,0.0,0.0,0.6947368421052632
user014,2025-12-01,0,0,7327,15,26,8,1,12,24,0.1895728128838542,0.4233656339565989,2313,226,3,0,1,24,0.1573713791612624,0.4794638996973627,0.2399377593360996
user014,2025-12-02,1,0,7121,15,23,8,1,11,24,0.1821373402611992,0.4811122033422272,983,170,2,0,1,17,0.3326551373346897,0.1017293997965412,0.1212981243830207
user014,2025-12-03,2,0,5815,15,26,9,1,10,24,0.1478933791917454,0.4954428202923474,918,169,2,0,1,20,0.0152505446623093,0.4531590413943355,0.1363433833358087
user014,2025-12-04,3,0,5466,15,23,10,1,11,24,0.1375777533845591,0.4963410171972192,2499,300,2,0,1,24,0.1700680272108843,0.6222488995598239,0.3137476459510357
user014,2025-12-05,4,0,5991,14,22,11,1,12,24,0.1685862126523118,0.499916541478885,1986,185,3,0,1,24,0.175226586102719,0.4974823766364551,0.2489657766077472
user014,2025-12-06,5,1,4401,14,17,8,1,8,24,0.1840490797546012,0.4387639172915246,1878,172,2,0,1,24,0.2401490947816826,0.373269435569755,0.2990922121356903
user014,2025-12-07,6,1,5347,14,25,10,1,12,24,0.1529829811109033,0.4999064896203478,5212,520,2,0,1,24,0.0623561013046815,0.8632003069838834,0.4936073491807936
user014,2025-12-08,0,0,5449,9,20,10,2,10,24,0.1649844008074876,0.5279867865663425,1682,176,2,0,1,24,0.1694411414982164,0.5035671819262783,0.2358715467676342
user014,2025-12-09,1,0,6215,11,17,10,2,10,24,0.144971842316975,0.5222847948511665,1976,205,2,0,1,24,0.2206477732793522,0.3699392712550607,0.2412403857892809
user014,2025-12-10,2,0,7429,13,26,8,1,8,24,0.1175124512047381,0.6117916274061111,3306,329,2,0,1,24,0.1200846944948578,0.6267392619479734,0.3079646017699115
user014,2025-12-11,3,0,5654,14,25,9,1,9,24,0.1804032543332154,0.5104350902016271,2372,204,2,0,1,24,0.3549747048903878,0.3191399662731872,0.2955394966359332
user014,2025-12-12,4,0,6746,14,27,10,2,10,24,0.1360806403794841,0.4605692262081233,4224,278,3,0,1,24,0.1550662878787878,0.5082859848484849,0.3850501367365542
user014,2025-12-13,5,1,4167,10,8,9,2,9,24,0.1907847372210223,0.4612431005519558,1488,134,2,0,1,24,0.2083333333333333,0.3709677419354839,0.263129973474801
user014,2025-12-14,6,1,4085,9,7,8,1,8,24,0.2061199510403916,0.391921664626683,1665,128,2,0,1,24,0.215015015015015,0.4792792792792792,0.2895652173913043
user014,2025-12-15,0,0,6317,16,53,8,1,8,24,0.1609941427892987,0.5320563558651259,3003,334,2,0,1,24,0.1132201132201132,0.6217116217116218,0.3222103004291845
user014,2025-12-16,1,0,5356,15,24,10,1,10,24,0.1656086631814787,0.5020537714712472,2527,189,1,0,1,24,0.1943015433320142,0.409576573011476,0.320563237346188
user014,2025-12-17,2,0,6659,18,49,8,1,8,24,0.1525754617810482,0.5045802673074035,3531,317,1,0,1,23,0.1441517983574058,0.4454828660436137,0.3465161923454367
user014,2025-12-18,3,0,6611,17,30,11,1,11,24,0.066101951293299,0.5391014975041597,2276,306,1,0,1,24,0.1335676625659051,0.3681898066783831,0.2561044221897153
user014,2025-12-19,4,0,7279,13,23,9,1,9,24,0.1382057974996565,0.5195768649539771,1264,167,1,0,1,21,0.235759493670886,0.2721518987341772,0.1479573920168559
user014,2025-12-20,5,1,4427,11,6,8,1,8,24,0.2197876665913711,0.3873955274452225,778,61,1,0,1,17,0.3534704370179948,0.4588688946015424,0.1494716618635927
user014,2025-12-21,6,1,4038,10,6,7,1,7,24,0.2204061416542843,0.3895492818226845,0,0,0,0,0,0,0.0,0.0,0.0
user014,2025-12-22,0,0,8339,15,30,9,1,9,24,0.115121717232282,0.4760762681376664,2651,352,1,0,1,17,0.0,0.5801584307808374,0.2412192902638762
user014,2025-12-23,1,0,8505,16,29,8,1,8,24,0.091358024691358,0.5375661375661376,2674,309,1,0,1,24,0.1050860134629768,0.56245325355273,0.2391984971822166
user014,2025-12-24,2,0,9090,16,26,11,2,11,24,0.1431243124312431,0.4625962596259625,2896,368,2,0,1,24,0.1270718232044199,0.411256906077348,0.2416152177540463
user014,2025-12-25,3,0,9398,17,29,10,1,10,24,0.0940625665035113,0.5501170461800383,2798,341,3,0,1,24,0.1379556826304503,0.5543245175125089,0.2294194817973106
user014,2025-12-26,4,0,9105,18,28,10,1,10,24,0.100933552992861,0.5751784733662823,3046,364,2,0,1,24,0.1421536441234406,0.4937623112278398,0.2506789564644885
user014,2025-12-27,5,1,6430,16,27,8,1,8,24,0.2297045101088647,0.4474339035769828,2354,280,3,0,1,24,0.3024638912489379,0.3984706881903143,0.2679872495446266
user014,2025-12-28,6,1,5074,17,25,9,1,9,24,0.169097359085534,0.4946787544343713,1763,218,2,0,1,24,0.1934203062960862,0.5314804310833806,0.2578616352201258
user014,2025-12-29,0,0,8994,16,29,9,1,9,24,0.0958416722259283,0.6399822103624638,1984,281,2,0,1,24,0.15625,0.5826612903225806,0.1807250865367098
user014,2025-12-30,1,0,7955,17,28,11,1,11,24,0.1126335637963544,0.5785040854808297,2332,278,2,0,1,24,0.1252144082332761,0.4665523156089194,0.2266938854865364
user014,2025-12-31,2,0,6514,11,16,6,1,6,24,0.2262818544673012,0.4118821000921093,1486,166,3,0,1,24,0.2577388963660834,0.3855989232839839,0.18575
user015,2025-12-01,0,0,4147,12,29,9,1,11,22,0.2679045092838196,0.5420786110441282,2266,244,2,0,1,19,0.2541924095322153,0.5741394527802295,0.353344768439108
user015,2025-12-02,1,0,67,4,1,5,1,5,7,0.0,0.3283582089552239,33,24,2,0,1,2,0.0,0.9393939393939394,0.33
user015,2025-12-03,2,0,2600,9,25,5,1,9,15,0.0,0.5196153846153846,822,131,2,0,1,12,0.0,0.3527980535279805,0.2402104032729398
user015,2025-12-04,3,0,4682,13,32,9,1,11,22,0.2498932080307561,0.5371636052968817,3008,295,2,0,1,20,0.2227393617021276,0.5814494680851063,0.3911573472041612
user015,2025-12-05,4,0,3585,17,28,10,2,10,17,0.004463040446304,0.8184100418410042,2773,297,3,0,1,11,0.0,0.7872340425531915,0.4361434413337527
user015,2025-12-06,5,1,155,5,1,7,1,7,13,0.1870967741935484,0.2580645161290322,127,42,3,0,1,7,0.3149606299212598,0.2834645669291338,0.450354609929078
user015,2025-12-07,6,1,47,3,1,4,1,4,2,0.1702127659574468,0.0,17,13,3,0,1,2,0.1764705882352941,0.0,0.265625
user015,2025-12-08,0,0,3070,12,30,9,1,11,16,0.004885993485342,0.7596091205211727,2260,195,1,0,1,13,0.0,0.7588495575221239,0.424015009380863
user015,2025-12-09,1,0,4004,16,63,7,1,9,14,0.0,0.8516483516483516,2151,255,2,0,1,13,0.0,0.6462110646211064,0.349471974004874
user015,2025-12-10,2,0,2498,11,19,6,1,6,14,0.0004003202562049,0.544435548438751,1072,127,2,0,1,12,0.0,0.5326492537313433,0.3002801120448179
user015,2025-12-11,3,0,5477,17,30,12,1,13,24,0.2075953989410261,0.4305276611283549,2744,225,3,0,1,24,0.2489067055393586,0.4212827988338192,0.3337793455783968
user015,2025-12-12,4,0,7279,17,46,13,1,20,24,0.1641709025965105,0.5186151943948345,3866,251,3,0,1,24,0.1270046559751681,0.6166580444904294,0.3468820098698968
user015,2025-12-13,5,1,4746,12,15,8,1,8,24,0.2389380530973451,0.3849557522123893,2201,157,2,0,1,24,0.2517037710131758,0.3698318945933666,0.3168274075140348
user015,2025-12-14,6,1,4831,10,16,6,1,6,24,0.2351480024839577,0.3862554336576278,2212,174,2,0,1,24,0.2215189873417721,0.3670886075949367,0.3140707085048985
user015,2025-12-15,0,0,7005,16,35,9,1,9,24,0.1661670235546038,0.5411848679514633,2654,210,2,0,1,24,0.2034664657121326,0.4984928409947249,0.2747696448907754
user015,2025-12-16,1,0,4997,11,24,8,1,10,24,0.2233340004002401,0.4084450670402241,768,90,1,0,1,15,0.40234375,0.40234375,0.1332176929748482
user015,2025-12-17,2,0,5274,11,26,6,1,7,24,0.2282897231702692,0.4019719378081153,2,2,1,0,1,2,0.0,1.0,0.0003790750568612
user015,2025-12-18,3,0,5384,11,23,11,1,12,24,0.2225111441307578,0.3976597325408618,0,0,0,0,0,0,0.0,0.0,0.0
user015,2025-12-19,4,0,6735,18,67,9,1,11,24,0.1799554565701559,0.4611729769858946,1795,208,1,0,1,16,0.0,0.6729805013927577,0.2104337631887456
user015,2025-12-20,5,1,3964,12,15,8,1,8,24,0.2469727547931382,0.3854692230070636,396,72,1,0,1,9,0.7121212121212122,0.0,0.0908256880733945
user015,2025-12-21,6,1,4006,12,15,8,1,8,24,0.2403894158761857,0.3874188716924613,1,1,1,0,1,1,0.0,0.0,0.0002495632642874
user015,2025-12-22,0,0,5188,15,35,12,1,14,24,0.184656900539707,0.5030840400925212,558,82,1,0,1,9,0.0,0.2831541218637993,0.0971110337626174
user015,2025-12-23,1,0,4371,15,37,9,1,9,24,0.224204987417067,0.5705788149164951,1614,223,1,0,1,18,0.1908302354399008,0.5700123915737298,0.2696741854636591
user015,2025-12-24,2,0,3150,15,37,8,1,8,17,0.0006349206349206,0.8638095238095238,1734,199,3,0,1,13,0.0,0.9584775086505192,0.355036855036855
user015,2025-12-25,3,0,2640,13,31,8,1,8,16,0.0,0.7840909090909091,992,155,2,0,1,12,0.0,0.686491935483871,0.2731277533039647
user015,2025-12-26,4,0,5509,18,42,13,2,15,19,0.0014521691777092,0.613178435287711,3546,326,3,0,1,18,0.0098702763677382,0.6742808798646363,0.391606847045831
user015,2025-12-27,5,1,5480,12,15,8,1,8,24,0.2434306569343065,0.3808394160583941,2582,185,2,0,1,24,0.2312161115414407,0.4240898528272657,0.3202679235921608
user015,2025-12-28,6,1,5493,12,15,8,1,8,24,0.2399417440378664,0.3855816493719279,2548,181,2,0,1,24,0.2295918367346938,0.412087912087912,0.3168760104464619
user015,2025-12-29,0,0,6386,12,18,8,1,8,24,0.2092076417162543,0.4617914187284685,2934,229,3,0,1,24,0.1939331970006816,0.4686434901158827,0.3148068669527897
user015,2025-12-30,1,0,6408,16,38,12,1,13,24,0.2091136079900125,0.4279026217228464,3314,331,2,0,1,24,0.1822570911285455,0.4906457453228726,0.3408763628882946
user015,2025-12-31,2,0,5471,14,26,17,1,20,24,0.2323158471942972,0.4074209468104551,2718,235,2,0,1,24,0.2170713760117733,0.445916114790287,0.3319086579557944
user016,2025-12-01,0,0,8339,20,7,8,1,10,24,0.0546828156853339,0.6836551145221249,4917,338,2,0,1,22,0.0034573927191376,0.6988000813504169,0.3709263729631865
user016,2025-12-02,1,0,7989,21,7,9,2,11,24,0.1812492176743021,0.5900613343347102,1792,238,2,0,1,22,0.4291294642857143,0.0641741071428571,0.1832123504754115
user016,2025-12-03,2,0,6571,20,7,8,1,8,24,0.0709176685436006,0.6764571602495815,1403,204,3,0,1,21,0.0727013542409123,0.4333570919458304,0.1759468271883622
user016,2025-12-04,3,0,5977,21,7,11,3,11,24,0.1013886565166471,0.692655178183035,5276,423,3,0,1,24,0.1393100833965125,0.5663381349507203,0.468852750377677
user016,2025-12-05,4,0,5958,18,7,8,1,8,24,0.093655589123867,0.7168512923799932,4278,397,2,0,1,23,0.22533894343151,0.6203833567087425,0.417936694021102
user016,2025-12-06,5,1,1998,4,1,6,1,6,24,0.2457457457457457,0.45995995995996,71,45,2,0,1,14,0.3943661971830985,0.4366197183098591,0.0343160947317544
user016,2025-12-07,6,1,2009,4,1,6,1,6,24,0.1762070681931309,0.3708312593330015,444,65,3,0,1,18,0.2139639639639639,0.5067567567567568,0.1810028536485935
user016,2025-12-08,0,0,8748,22,6,8,1,8,24,0.0451531778692272,0.7002743484224966,5675,357,2,0,1,20,0.0045814977973568,0.7377973568281938,0.3934687651667475
user016,2025-12-09,1,0,8645,15,7,8,1,8,24,0.1688837478311162,0.507807981492192,4914,346,2,0,1,24,0.1642246642246642,0.5398860398860399,0.3624161073825503
user016,2025-12-10,2,0,7373,14,7,6,1,6,24,0.2031737420317374,0.5677471856774718,4164,336,2,0,1,22,0.1585014409221902,0.5826128722382324,0.3609257172575192
user016,2025-12-11,3,0,6735,21,6,9,2,9,24,0.0827023014105419,0.6286562731997031,4742,424,2,0,1,22,0.0451286377056094,0.5166596372838465,0.4131741744358281
user016,2025-12-12,4,0,7369,17,6,8,2,8,24,0.1903921834712987,0.580675804043968,4684,365,2,0,1,20,0.1569171648163962,0.7028181041844578,0.3886169418402057
user016,2025-12-13,5,1,1975,4,1,8,2,8,24,0.2359493670886076,0.4556962025316455,158,45,2,0,1,15,0.189873417721519,0.6139240506329114,0.074074074074074
user016,2025-12-14,6,1,1853,5,1,7,1,7,24,0.2325957906098219,0.4058283864004317,350,60,2,0,1,18,0.0571428571428571,0.34,0.1588742623694961
user016,2025-12-15,0,0,7293,17,6,9,2,9,24,0.0563554092965857,0.7164404223227753,2982,331,2,0,1,21,0.0026827632461435,0.5529845741113347,0.2902189781021898
user016,2025-12-16,1,0,6725,16,7,7,1,7,24,0.1214869888475836,0.5683271375464684,3475,317,1,0,1,24,0.1933812949640287,0.4489208633093525,0.3406862745098039
user016,2025-12-17,2,0,8128,17,7,9,1,9,24,0.1729822834645669,0.5207923228346457,3239,281,1,0,1,23,0.2571781414016671,0.3164556962025316,0.2849476554939738
user016,2025-12-18,3,0,6994,16,6,9,1,9,24,0.1960251644266514,0.5912210466113812,2578,298,1,0,1,24,0.2125678820791311,0.4678044996121024,0.2693272043460092
user016,2025-12-19,4,0,4633,21,7,8,1,8,24,0.1187135765162961,0.7206993308871141,1914,250,1,0,1,18,0.1901776384535005,0.7283176593521421,0.2923476401405224
user016,2025-12-20,5,1,2046,3,1,4,1,4,24,0.2956989247311828,0.3528836754643206,0,0,0,0,0,0,0.0,0.0,0.0
user016,2025-12-21,6,1,1956,4,1,5,1,5,24,0.2847648261758691,0.3609406952965235,0,0,0,0,0,0,0.0,0.0,0.0
user016,2025-12-22,0,0,7868,20,7,8,1,8,24,0.0641840366039654,0.632435180477885,1969,253,1,0,1,16,0.0,0.6043676993397664,0.2001626512148012
user016,2025-12-23,1,0,7917,19,6,9,1,9,24,0.1585196412782619,0.5433876468359227,2859,306,1,0,1,24,0.210912906610703,0.4277719482336481,0.2653118040089087
user016,2025-12-24,2,0,7860,16,7,9,2,9,24,0.1562340966921119,0.5844783715012722,3153,354,3,0,1,24,0.2299397399302251,0.4126228988265144,0.2862980114410242
user016,2025-12-25,3,0,6918,16,7,10,2,10,24,0.1344319167389419,0.5825383058687482,3135,367,2,0,1,24,0.1760765550239234,0.4185007974481659,0.3118472097881229
user016,2025-12-26,4,0,7692,18,6,8,1,8,24,0.1268850754030161,0.6810972438897556,2517,337,2,0,1,23,0.266984505363528,0.533969010727056,0.2465471642668233
user016,2025-12-27,5,1,2209,6,1,8,2,8,24,0.225894069714803,0.4173834314169307,211,61,2,0,1,18,0.5308056872037915,0.1421800947867298,0.0871900826446281
user016,2025-12-28,6,1,1871,4,1,7,2,7,24,0.2544094067343666,0.4179583110636024,234,55,2,0,1,20,0.4273504273504273,0.4572649572649572,0.1111638954869358
user016,2025-12-29,0,0,7295,21,6,8,1,8,24,0.0634681288553804,0.5976696367374914,2869,336,2,0,1,23,0.0087138375740676,0.515859184384803,0.2822707595434868
user016,2025-12-30,1,0,6109,15,7,8,2,8,24,0.1887379276477328,0.5838926174496645,1993,284,2,0,1,21,0.308078273958856,0.4796788760662318,0.2459886447790669
user016,2025-12-31,2,0,2209,5,1,5,1,5,24,0.2440018107741059,0.3856948845631507,191,41,2,0,1,17,0.1361256544502617,0.0732984293193717,0.0795833333333333
user017,2025-12-01,0,0,3183,19,57,6,1,9,12,0.0,0.6764059063776312,2464,267,1,0,1,12,0.0,0.591314935064935,0.4363378785195679
user017,2025-12-02,1,0,2742,16,36,6,1,15,11,0.0,0.8482859226841721,725,125,1,0,1,5,0.0,0.3806896551724137,0.2091145082203634
user017,2025-12-03,2,0,3247,17,41,6,1,13,12,0.0,0.8835848475515861,325,63,1,0,1,5,0.0,1.0,0.0909854423292273
user017,2025-12-04,3,0,2803,18,58,6,1,7,11,0.0,0.7884409561184446,2857,264,1,0,1,10,0.0,0.4413720686034301,0.5047703180212014
user017,2025-12-05,4,0,3231,20,54,7,1,10,10,0.0,0.7787062828845559,1973,244,1,0,1,10,0.0,0.6964014191586416,0.3791314373558801
user017,2025-12-08,0,0,3184,17,57,5,1,6,10,0.0,0.7741834170854272,1827,244,1,0,1,10,0.0,0.7208538587848933,0.3645978846537617
user017,2025-12-09,1,0,2797,17,53,5,1,10,11,0.0,0.7236324633535931,1753,201,1,0,1,11,0.0,0.6172276098117513,0.3852747252747253
user017,2025-12-10,2,0,2508,17,56,5,1,7,8,0.0,0.7727272727272727,1569,194,1,0,1,8,0.0,0.6794136392606756,0.3848417954378219
user017,2025-12-11,3,0,2442,16,34,6,1,6,10,0.0,0.7743652743652744,1936,251,1,0,1,10,0.0,0.5919421487603306,0.4422110552763819
user017,2025-12-12,4,0,3174,14,32,5,1,5,11,0.0018903591682419,0.8739760554505356,3574,343,1,0,1,11,0.0,0.9031897034135422,0.52963841138115
user017,2025-12-13,5,1,12,1,0,1,1,1,2,1.0,0.0,0,0,0,0,0,0,0.0,0.0,0.0
user017,2025-12-15,0,0,2666,17,62,5,1,5,10,0.0,0.6969242310577645,2643,343,1,0,1,10,0.0,0.6651532349602725,0.4978338670182708
user017,2025-12-16,1,0,2398,18,56,6,1,6,10,0.0,0.7080900750625522,3615,303,1,0,1,10,0.0,0.8337482710926695,0.6011974056211542
user017,2025-12-17,2,0,3649,19,57,6,1,6,11,0.0,0.7667854206631954,2715,303,1,0,1,11,0.0,0.5462246777163904,0.4266184789440603
user017,2025-12-18,3,0,2463,19,55,6,1,6,12,0.0,0.7527405602923264,1347,215,1,0,1,10,0.0,0.6495916852264291,0.3535433070866142
user017,2025-12-19,4,0,2847,19,55,6,1,6,12,0.0,0.7204074464348437,2035,206,1,0,1,7,0.0,0.774938574938575,0.416837361736993
user017,2025-12-22,0,0,2521,18,59,6,1,6,11,0.0,0.6997223324077747,1037,194,1,0,1,9,0.0,0.8312439729990356,0.2914558740865655
user017,2025-12-23,1,0,3518,21,53,6,1,6,12,0.0,0.7666287663445139,2959,404,1,0,1,11,0.0,0.8114227779655289,0.4568473058514744
user017,2025-12-24,2,0,2677,20,57,6,1,6,12,0.0,0.788195741501681,1646,287,1,0,1,11,0.0,0.7339003645200486,0.3807541059449456
user017,2025-12-25,3,0,2486,20,53,6,1,6,12,0.0,0.7039420756234915,1721,251,1,0,1,10,0.0,0.6990122022080186,0.4090801045875921
user017,2025-12-26,4,0,2057,18,55,6,1,6,8,0.0,0.7292173067574137,1285,190,1,0,1,8,0.0,0.6754863813229572,0.3845002992220227
user017,2025-12-27,5,1,6,1,0,1,1,1,1,1.0,0.0,0,0,0,0,0,0,0.0,0.0,0.0
user017,2025-12-29,0,0,2306,17,55,5,1,5,10,0.0,0.5702515177797051,1566,196,1,0,1,10,0.0,0.4246487867177522,0.4044421487603306
user017,2025-12-30,1,0,2570,14,32,6,1,6,10,0.0,0.8171206225680934,1499,248,1,0,1,10,0.0,0.7878585723815877,0.3683951830916687
user017,2025-12-31,2,0,6,1,0,1,1,1,1,1.0,0.0,0,0,0,0,0,0,0.0,0.0,0.0
user018,2025-12-01,0,0,8626,23,7,11,1,14,24,0.0236494319499188,0.7276837468119638,37162,764,3,0,1,21,0.0033367418330552,0.6340885851138259,0.8116100288285141
user018,2025-12-02,1,0,10291,21,6,10,1,14,24,0.1924011271985229,0.5090856087843747,51920,244,3,0,1,24,0.2554121725731895,0.3617103235747304,0.8345790937294048
user018,2025-12-03,2,0,11387,19,7,12,1,13,24,0.1340124703609379,0.54307543690173,52523,387,2,0,1,24,0.2347923766730765,0.3808997962797251,0.8218275700203411
user018,2025-12-04,3,0,10744,19,6,10,1,10,24,0.1989017125837676,0.5314594192107223,51647,596,2,0,1,24,0.265475245415997,0.3295641566789939,0.8277956756583481
user018,2025-12-05,4,0,6921,18,7,13,2,13,24,0.1639936425372056,0.7121803207628955,33854,405,3,0,1,22,0.3959354876824009,0.4016069002185857,0.8302636419374617
user018,2025-12-06,5,1,2194,7,2,7,1,7,24,0.1039197812215132,0.6371923427529627,522,91,3,0,1,20,0.5134099616858238,0.2471264367816092,0.1921944035346097
user018,2025-12-07,6,1,1643,6,2,7,1,7,24,0.263542300669507,0.3536214242239805,501,91,3,0,1,23,0.5289421157684631,0.2195608782435129,0.2336753731343283
user018,2025-12-08,0,0,2506,6,3,8,1,8,24,0.086193136472466,0.7182761372705507,454,82,2,0,1,18,0.1563876651982378,0.3017621145374449,0.1533783783783783
user018,2025-12-09,1,0,4453,6,2,7,1,7,24,0.1077924994385807,0.6002694812485965,595,91,3,0,1,14,0.4168067226890756,0.042016806722689,0.1178684627575277
user018,2025-12-10,2,0,15723,21,8,15,1,17,24,0.0753672963174966,0.589582140812822,49869,706,3,0,1,24,0.0050933445627544,0.5916902283984038,0.7602908891328211
user018,2025-12-11,3,0,13628,24,7,13,1,13,24,0.303492808922806,0.4534781332550631,70585,661,2,0,1,24,0.2811220514273571,0.3358220585110151,0.8381722536900479
user018,2025-12-12,4,0,6509,20,7,10,1,10,24,0.1215240436318943,0.6891995698263942,51746,552,2,0,1,24,0.3428091060178564,0.4776987593243922,0.8882671015363488
user018,2025-12-13,5,1,1339,5,1,8,2,8,24,0.2882748319641524,0.3958177744585511,267,66,3,0,1,23,0.3782771535580524,0.2359550561797752,0.1662515566625155
user018,2025-12-14,6,1,2127,5,1,6,1,6,24,0.1913493182886695,0.4917724494593324,431,76,3,0,1,19,0.0301624129930394,0.445475638051044,0.1684910086004691
user018,2025-12-15,0,0,13406,21,8,14,1,16,24,0.0602715202148291,0.6554527823362674,42676,407,2,0,1,22,0.0029759115193551,0.5546442965601275,0.7609571698584215
user018,2025-12-16,1,0,10910,17,6,9,1,10,24,0.289275893675527,0.49019248395967,46854,321,2,0,1,16,0.3990267639902676,0.4018226832287531,0.8111280382244996
user018,2025-12-17,2,0,4795,18,7,13,1,14,24,0.1499478623566214,0.7461939520333681,7926,1,1,0,1,4,0.0,1.0,0.6230642245106517
user018,2025-12-18,3,0,5838,22,7,11,1,11,24,0.0364850976361767,0.7058924289140116,32200,536,1,0,1,12,0.0,0.7427639751552795,0.8465218991534781
user018,2025-12-19,4,0,7156,19,7,12,1,14,24,0.0852431525992174,0.6889323644494131,29167,608,1,0,1,12,0.0,0.8438303562245003,0.8029898411474823
user018,2025-12-20,5,1,1113,5,1,7,1,7,24,0.1644204851752021,0.4582210242587601,0,0,0,0,0,0,0.0,0.0,0.0
user018,2025-12-21,6,1,824,5,1,6,1,6,24,0.1735436893203883,0.3883495145631068,0,0,0,0,0,0,0.0,0.0,0.0
user018,2025-12-22,0,0,7352,23,7,10,1,10,24,0.0478781284004352,0.7049782372143635,43647,538,1,0,1,15,0.0,0.5586638256924874,0.8558403105943254
user018,2025-12-23,1,0,9876,18,6,10,1,10,24,0.1747671121911705,0.5188335358444714,79151,659,1,0,1,24,0.2243686118937221,0.3971649126353426,0.8890673615869343
user018,2025-12-24,2,0,31548,20,8,15,2,17,24,0.0648852542157981,0.8303854444021808,78993,647,2,0,1,24,0.2420847416859722,0.3878824705986606,0.7146036312318507
user018,2025-12-25,3,0,55305,23,8,16,1,19,24,0.0331615586294186,0.9235150528885272,76702,601,2,0,1,24,0.2503063805376652,0.3859742901097755,0.581044944586272
user018,2025-12-26,4,0,6554,11,4,8,1,8,24,0.2464144034177601,0.4757400061031431,70082,304,2,0,1,24,0.2356667903313261,0.3861048486059187,0.9144788350122658
user018,2025-12-27,5,1,4386,15,4,9,2,9,24,0.2567259461924304,0.392156862745098,71653,295,3,0,1,24,0.2526900478695937,0.3747644899725064,0.9423190731072212
user018,2025-12-28,6,1,3969,13,4,9,2,9,24,0.2247417485512723,0.400604686318972,71795,301,2,0,1,24,0.247997771432551,0.3756529006198203,0.9476136423631276
user018,2025-12-29,0,0,5371,14,4,8,1,8,24,0.1763172593557996,0.5032582386892571,71772,305,2,0,1,24,0.2516998272306749,0.3738505266677813,0.9303760548591576
user018,2025-12-30,1,0,11950,21,7,19,1,22,24,0.0708786610878661,0.1888702928870292,72478,434,2,0,1,24,0.245978089903143,0.3703744584563592,0.8584592789122092
user018,2025-12-31,2,0,3481,19,7,19,2,21,24,0.3093938523412812,0.3855214018960069,71933,346,3,0,1,24,0.2498853099411953,0.3753353815355956,0.9538414617975444
user019,2025-12-01,0,0,3718,14,31,5,1,8,24,0.1172673480365788,0.615922538999462,1483,136,1,0,1,24,0.2211732973701955,0.4794335805799056,0.2851374735627764
user019,2025-12-02,1,0,4301,12,28,5,1,8,24,0.1355498721227621,0.5489421064868635,489,65,1,0,1,11,0.6503067484662577,0.0040899795501022,0.1020876826722338
user019,2025-12-03,2,0,4615,18,58,6,1,9,24,0.1321776814734561,0.4998916576381365,475,79,1,0,1,11,0.0021052631578947,0.4210526315789473,0.093320235756385
user019,2025-12-04,3,0,3356,18,49,6,1,9,24,0.0402264600715137,0.6513706793802145,2681,295,1,0,1,24,0.1331592689295039,0.5904513241327862,0.4440947490475401
user019,2025-12-05,4,0,4972,18,27,6,1,6,24,0.0852775543041029,0.49798873692679,2540,273,1,0,1,24,0.121259842519685,0.3811023622047244,0.3381256656017039
user019,2025-12-06,5,1,3007,8,12,4,1,4,24,0.2820086464915198,0.3631526438310609,1178,75,1,0,1,24,0.2589134125636672,0.3760611205432937,0.2814814814814815
user019,2025-12-07,6,1,2860,7,11,4,1,4,24,0.2433566433566433,0.3828671328671328,1060,78,1,0,1,23,0.2858490566037736,0.4141509433962264,0.2704081632653061
user019,2025-12-08,0,0,2366,9,22,4,1,4,24,0.2937447168216399,0.4564666103127641,1126,89,1,0,1,24,0.2433392539964476,0.4023090586145648,0.3224513172966781
user019,2025-12-09,1,0,1440,7,18,4,1,4,24,0.19375,0.4680555555555555,1337,98,1,0,1,24,0.268511593118923,0.3275991024682124,0.4814548073460569
user019,2025-12-10,2,0,1369,6,15,4,1,4,24,0.2322863403944485,0.4054054054054054,1267,77,1,0,1,24,0.2738752959747434,0.3543804262036306,0.4806525037936267
user019,2025-12-11,3,0,1672,7,21,4,1,4,24,0.187200956937799,0.4342105263157895,1351,111,1,0,1,24,0.2435233160621761,0.4137675795706884,0.4469070459808137
user019,2025-12-12,4,0,2014,9,18,4,1,4,24,0.2274081429990069,0.4240317775571003,2364,77,1,0,1,24,0.1264805414551607,0.6865482233502538,0.5399725902238465
user019,2025-12-13,5,1,1897,6,12,4,1,4,24,0.2414338429098576,0.3932525039536109,1205,82,1,0,1,24,0.2431535269709543,0.383402489626556,0.3884590586718246
user019,2025-12-14,6,1,1912,6,11,4,1,4,24,0.2390167364016736,0.3980125523012552,1219,75,1,0,1,24,0.2625102543068088,0.3781788351107465,0.3893324816352603
user019,2025-12-15,0,0,4005,15,33,6,1,6,24,0.1138576779026217,0.6441947565543071,2032,225,1,0,1,24,0.1515748031496063,0.5836614173228346,0.33659102203081
user019,2025-12-16,1,0,3949,12,34,5,1,5,24,0.1278804760698911,0.5365915421625728,1528,143,1,0,1,24,0.2133507853403141,0.4908376963350785,0.278984845718459
user019,2025-12-17,2,0,4076,13,33,6,1,6,24,0.218351324828263,0.5184003925417076,1520,120,1,0,1,22,0.1921052631578947,0.3769736842105263,0.2716225875625446
user019,2025-12-18,3,0,3036,12,27,6,1,6,24,0.1630434782608695,0.5500658761528326,907,79,1,0,1,20,0.298787210584344,0.2337375964718853,0.2300278975399442
user019,2025-12-19,4,0,3012,10,31,6,1,7,24,0.1530544488711819,0.6105577689243028,1226,166,1,0,1,17,0.2340946166394779,0.6623164763458401,0.2892873997168476
user019,2025-12-20,5,1,2065,7,10,5,1,5,24,0.2232445520581114,0.4295399515738499,0,0,0,0,0,0,0.0,0.0,0.0
user019,2025-12-21,6,1,2045,6,10,4,1,4,24,0.2220048899755501,0.4273838630806846,0,0,0,0,0,0,0.0,0.0,0.0
user019,2025-12-22,0,0,3802,14,33,5,1,5,24,0.1204629142556549,0.5702261967385587,1380,197,1,0,1,16,0.0,0.7615942028985507,0.2663064453878811
user019,2025-12-23,1,0,4655,13,33,5,1,5,24,0.159828141783029,0.5233082706766917,1346,129,1,0,1,24,0.2057949479940564,0.4569093610698365,0.2242959506748875
user019,2025-12-24,2,0,5183,10,32,4,1,4,24,0.1933243295388771,0.4877484082577658,1852,213,1,0,1,24,0.1787257019438445,0.5944924406047516,0.2632551528073916
user019,2025-12-25,3,0,4522,12,29,5,1,5,24,0.2218045112781954,0.4628482972136223,1291,125,1,0,1,24,0.21998450813323,0.4368706429124709,0.2220884225012902
user019,2025-12-26,4,0,4308,15,53,5,1,6,24,0.1327762302692665,0.5078922934076138,1532,168,1,0,1,24,0.1795039164490861,0.4699738903394256,0.2623287671232877
user019,2025-12-27,5,1,3882,7,9,4,1,4,24,0.2475528078310149,0.3768675940236991,1058,68,1,0,1,24,0.2693761814744801,0.3553875236294896,0.2141700404858299
user019,2025-12-28,6,1,3896,7,11,4,1,4,24,0.2474332648870636,0.3775667351129363,1094,73,1,0,1,24,0.263254113345521,0.3702010968921389,0.2192384769539078
user019,2025-12-29,0,0,4499,15,54,7,1,9,24,0.2133807512780618,0.6054678817515003,1624,169,2,0,1,24,0.1687192118226601,0.5609605911330049,0.265229462681692
user019,2025-12-30,1,0,2173,13,29,6,1,6,24,0.0616658996778647,0.572940635066728,1170,114,1,0,1,24,0.2435897435897435,0.4239316239316239,0.3499850433742147
user019,2025-12-31,2,0,2886,7,12,4,1,4,24,0.2453222453222453,0.386001386001386,1069,74,1,0,1,24,0.2656688493919551,0.3685687558465856,0.2702907711757269
user020,2025-12-01,0,0,5423,15,36,5,1,9,20,0.1936197676562788,0.6334132399041121,5751,449,1,0,1,21,0.1373674143627195,0.658320292123109,0.5146769285842133
user020,2025-12-02,1,0,3206,16,49,6,1,13,14,0.0009357454772301,0.7966313162819713,1427,182,1,0,1,5,0.0,0.1450595655220742,0.3080077703431901
user020,2025-12-03,2,0,4899,18,59,6,1,11,19,0.0006123698714023,0.6805470504184528,1125,155,1,0,1,10,0.0,0.4604444444444444,0.1867529880478087
user020,2025-12-04,3,0,5794,15,35,6,1,8,24,0.1430790472903003,0.5409043838453572,4432,306,1,0,1,23,0.1401173285198556,0.4560018050541516,0.4334050459612751
user020,2025-12-05,4,0,5777,18,54,6,1,9,17,0.0,0.6823610870694132,5317,377,1,0,1,16,0.0,0.6569494075606545,0.4792680728321615
user020,2025-12-06,5,1,1921,15,48,6,1,9,13,0.0005205622071837,0.4034357105674128,2339,188,1,0,1,10,0.0,0.4386489952971355,0.5490610328638498
user020,2025-12-07,6,1,3952,13,26,6,1,7,24,0.1973684210526315,0.3565283400809717,4637,189,1,0,1,24,0.2633167996549493,0.4125512184602113,0.539876586331354
user020,2025-12-08,0,0,1714,14,45,5,1,8,11,0.0402567094515752,0.4947491248541423,1650,204,1,0,1,8,0.0484848484848484,0.4103030303030303,0.490487514863258
user020,2025-12-09,1,0,1657,15,44,6,1,7,7,0.0,0.4894387447193724,1622,249,1,0,1,6,0.0,0.4143033292231812,0.4946630070143336
user020,2025-12-11,3,0,6537,13,49,5,1,7,12,0.0,0.8318800673091632,2379,292,1,0,1,13,0.0,0.899957965531736,0.2668236877523553
user020,2025-12-12,4,0,7701,17,64,6,1,8,17,0.0001298532658096,0.7792494481236203,4967,293,1,0,1,16,0.0,0.6688141735453996,0.3920903062835491
user020,2025-12-13,5,1,6419,14,26,6,1,7,24,0.1688736563327621,0.5155008568312821,5913,284,1,0,1,24,0.2337223067816675,0.4720108236089971,0.4794842685695751
user020,2025-12-14,6,1,6425,17,33,7,1,7,24,0.1922178988326848,0.4320622568093385,3992,235,1,0,1,24,0.1971442885771543,0.4564128256513026,0.383219736968417
user020,2025-12-15,0,0,6144,16,54,6,1,6,24,0.0227864583333333,0.587890625,7216,582,1,0,1,24,0.0939578713968957,0.6252771618625277,0.5401197604790419
user020,2025-12-16,1,0,3636,16,45,6,1,6,16,0.0011001100110011,0.7365236523652365,3081,355,1,0,1,12,0.0003245699448231,0.631937682570594,0.4586869138008039
user020,2025-12-17,2,0,6059,16,48,6,1,6,14,0.0001650437365901,0.9121967321340156,2398,301,1,0,1,10,0.0,0.999582985821518,0.2835520870284971
user020,2025-12-18,3,0,5043,17,61,6,1,6,14,0.0003965893317469,0.8915328177672021,2974,371,1,0,1,11,0.0,0.6432414256893073,0.3709617063739553
user020,2025-12-19,4,0,3191,16,53,6,1,6,13,0.0003133813851457,0.7815731745534316,2568,349,1,0,1,12,0.0,0.6378504672897196,0.4459107483938184
user020,2025-12-20,5,1,1,1,0,1,1,1,1,0.0,1.0,0,0,0,0,0,0,0.0,0.0,0.0
user020,2025-12-22,0,0,4326,14,58,6,1,6,13,0.0,0.7998150716597319,1799,262,1,0,1,11,0.0,0.9382990550305724,0.2937142857142857
user020,2025-12-23,1,0,5982,19,59,7,1,7,19,0.0001671681711802,0.6014710799063858,3570,373,1,0,1,17,0.0,0.55406162464986,0.3737437185929648
user020,2025-12-24,2,0,3817,15,59,6,1,6,13,0.0005239717055279,0.8394026722556982,3702,360,1,0,1,13,0.0005402485143165,0.7385197190707725,0.4923527064769251
user020,2025-12-25,3,0,2727,16,56,7,1,7,17,0.004033736707004,0.7755775577557755,3604,411,1,0,1,11,0.0,0.687291897891232,0.5692623598167746
user020,2025-12-26,4,0,3752,15,57,6,1,6,16,0.0007995735607675,0.6849680170575693,4029,404,1,0,1,16,0.0,0.6016381236038719,0.5177997686672664
user020,2025-12-27,5,1,4,2,1,4,1,4,3,0.25,0.75,0,0,0,0,0,0,0.0,0.0,0.0
user020,2025-12-29,0,0,3085,13,58,6,1,6,13,0.0,0.7844408427876823,2623,265,1,0,1,13,0.0,0.770110560426992,0.4595304835318851
user020,2025-12-30,1,0,4889,16,60,6,1,8,18,0.1333606054407854,0.6874616485988955,4058,413,1,0,1,17,0.1343026121241991,0.6705273533760473,0.4535598524645132
user022,2025-12-01,0,0,3634,15,27,6,1,12,24,0.2028068244358833,0.4950467804072647,7917,367,1,0,1,24,0.1629405077680939,0.4572439055197675,0.6853952038784521
user022,2025-12-02,1,0,3140,18,29,6,1,12,24,0.2060509554140127,0.4417197452229299,3638,226,1,0,1,12,0.6396371632765255,0.0505772402418911,0.5367365004426085
user022,2025-12-03,2,0,3963,16,29,7,1,11,24,0.1940449154680797,0.6214988644965935,2594,178,1,0,1,10,0.0003855050115651,0.2771781033153431,0.3956077474454781
user022,2025-12-04,3,0,2131,14,20,5,1,7,24,0.0929141248240262,0.677146879399343,5361,317,1,0,1,24,0.3736243238201828,0.3443387427718709,0.7155632674853176
user022,2025-12-05,4,0,1911,13,25,7,1,9,24,0.1166928309785452,0.5567765567765568,5022,307,1,0,1,24,0.1931501393866985,0.4524093986459578,0.7243617481609693
user022,2025-12-06,5,1,2405,10,16,4,1,4,24,0.2095634095634095,0.4029106029106029,4788,255,1,0,1,24,0.2253550543024227,0.4210526315789473,0.6656471569581538
user022,2025-12-07,6,1,2712,10,13,4,1,4,24,0.2385693215339233,0.3901179941002949,4342,258,1,0,1,24,0.3818516812528789,0.3535237217871948,0.6155372838106039
user022,2025-12-08,0,0,2833,12,25,5,1,7,24,0.2276738439816449,0.4429932933286269,3340,249,1,0,1,24,0.2970059880239521,0.5326347305389222,0.5410659322857606
user022,2025-12-09,1,0,3073,13,24,6,1,10,24,0.2098926130816791,0.4357305564594858,6531,388,1,0,1,24,0.15005359056806,0.4192313581381106,0.6800291545189504
user022,2025-12-10,2,0,3240,11,28,6,1,10,24,0.212037037037037,0.4768518518518518,8011,405,1,0,1,24,0.2857321183372862,0.3581325677193858,0.7120255977246467
user022,2025-12-11,3,0,2628,11,21,5,1,7,24,0.2028158295281583,0.4246575342465753,3584,256,1,0,1,24,0.5756138392857143,0.2251674107142857,0.5769478428847392
user022,2025-12-12,4,0,3777,11,23,4,1,6,24,0.1821551495896214,0.5326979083929044,2771,262,1,0,1,24,0.1479610249007578,0.6127751714182605,0.4231826511912034
user022,2025-12-13,5,1,2746,10,14,4,1,4,24,0.2407137654770575,0.3852876911871813,1666,153,1,0,1,24,0.3139255702280912,0.3733493397358943,0.3776065276518586
user022,2025-12-14,6,1,2716,10,12,4,1,4,24,0.2415316642120765,0.3877025036818851,1438,130,1,0,1,24,0.2559109874826147,0.2962447844228094,0.346172363986519
user022,2025-12-15,0,0,3125,13,23,7,1,7,24,0.21024,0.44192,1284,164,1,0,1,15,0.2336448598130841,0.5155763239875389,0.291222499432978
user022,2025-12-16,1,0,3084,12,22,5,1,7,24,0.2237354085603113,0.3822957198443579,1,1,1,0,1,1,0.0,0.0,0.0003241491085899
user022,2025-12-17,2,0,3437,10,22,5,1,5,24,0.1978469595577538,0.4911259819610125,1,1,1,0,1,1,0.0,1.0,0.0002908667830133
user022,2025-12-18,3,0,2778,10,25,5,1,5,24,0.2534197264218862,0.5338372930165587,0,0,0,0,0,0,0.0,0.0,0.0
user022,2025-12-19,4,0,2347,11,22,4,1,4,24,0.097997443544951,0.5573072006817213,0,0,0,0,0,0,0.0,0.0,0.0
user022,2025-12-20,5,1,2471,10,10,4,1,4,24,0.2059894779441521,0.4091460946985026,0,0,0,0,0,0,0.0,0.0,0.0
user022,2025-12-21,6,1,2704,10,13,4,1,4,24,0.2485207100591716,0.3738905325443787,0,0,0,0,0,0,0.0,0.0,0.0
user022,2025-12-22,0,0,3151,10,26,5,1,5,24,0.2139003490955252,0.4401777213582989,0,0,0,0,0,0,0.0,0.0,0.0
user022,2025-12-23,1,0,2293,11,22,5,1,5,24,0.2289576973397296,0.5499345835150458,0,0,0,0,0,0,0.0,0.0,0.0
user022,2025-12-24,2,0,3038,14,23,7,1,7,24,0.0701119157340355,0.56550362080316,5799,369,1,0,1,24,0.0891533022934988,0.4856009656837385,0.6562181735883218
user022,2025-12-25,3,0,3727,14,28,7,1,7,24,0.2192111617923262,0.4193721491816474,7202,394,1,0,1,24,0.2528464315467925,0.477506248264371,0.6589806935675725
user022,2025-12-26,4,0,3582,14,23,7,1,7,24,0.2236180904522613,0.4673366834170854,5363,336,1,0,1,24,0.2043632295357076,0.4264404251351855,0.599552822806037
user022,2025-12-27,5,1,2789,9,13,4,1,4,24,0.2470419505198996,0.387594119756185,3898,281,1,0,1,24,0.469728065674705,0.2298614674191893,0.5829220876327202
user022,2025-12-28,6,1,2814,10,13,4,1,4,24,0.2444918265813788,0.3859275053304904,3081,225,1,0,1,24,0.1755923401493021,0.3446932814021421,0.5226463104325699
user022,2025-12-29,0,0,2687,13,30,6,1,6,17,0.2564197990323781,0.4990695943431336,2530,240,1,0,1,17,0.350592885375494,0.4509881422924901,0.4849530381445275
user022,2025-12-30,1,0,1441,18,44,6,1,6,16,0.0048577376821651,0.8702290076335878,1640,242,1,0,1,13,0.0,0.5542682926829269,0.5322947095098994
user022,2025-12-31,2,0,837,9,13,5,1,5,24,0.2497013142174432,0.4193548387096774,2306,277,1,0,1,24,0.2771032090199479,0.3525585429314831,0.7336939230034999
user023,2025-12-01,0,0,6312,18,25,12,1,17,24,0.1512991128010139,0.5096641318124208,3799,321,3,0,1,24,0.0879178731245064,0.6925506712292708,0.37572940361982
user023,2025-12-02,1,0,7372,19,40,14,2,24,24,0.2459305480195333,0.4534725990233315,1510,112,3,0,1,22,0.6185430463576159,0.0847682119205298,0.1700067552353073
user023,2025-12-03,2,0,3355,23,52,13,2,19,24,0.1481371087928465,0.5171385991058122,1554,148,3,0,1,22,0.3648648648648648,0.2689832689832689,0.3165614178040334
user023,2025-12-04,3,0,5065,19,26,14,1,21,24,0.1433366238894373,0.4025666337611056,3487,370,2,0,1,24,0.203039862345856,0.4445081732147978,0.4077408793264733
user023,2025-12-05,4,0,8858,18,24,15,2,20,24,0.1703544818243395,0.527884398284037,3657,322,2,0,1,24,0.183210281651627,0.6048673776319388,0.2922093487814622
user023,2025-12-06,5,1,5875,15,12,11,1,11,24,0.3286808510638297,0.286468085106383,2212,187,3,0,1,24,0.2956600361663652,0.3367992766726944,0.2735254111537035
user023,2025-12-07,6,1,5060,14,11,8,1,8,24,0.2689723320158103,0.3,1705,159,3,0,1,24,0.2504398826979472,0.4181818181818181,0.2520325203252032
user023,2025-12-08,0,0,6027,17,25,11,1,13,24,0.2440683590509374,0.4819976771196283,4291,440,3,0,1,24,0.0843626194360289,0.7613609881146586,0.4158751696065129
user023,2025-12-09,1,0,5893,16,23,10,1,12,24,0.3288647547938231,0.3129136263363312,2377,215,3,0,1,24,0.2355910811947833,0.338662179217501,0.2874244256348247
user023,2025-12-10,2,0,8513,17,36,16,2,22,24,0.1877129096675672,0.488077058616234,2799,279,3,0,1,24,0.3072525902107895,0.4072883172561629,0.2474363507779349
user023,2025-12-11,3,0,8771,24,29,22,2,27,24,0.2038536084824991,0.3850188119940714,3403,341,3,0,1,24,0.3593887746106377,0.3191301792535997,0.2795301462132413
user023,2025-12-12,4,0,8114,16,27,12,2,14,24,0.3017007641114124,0.4047325610056692,5382,382,3,0,1,24,0.2474916387959866,0.5102192493496841,0.3987848251333729
user023,2025-12-13,5,1,3188,12,10,8,1,8,24,0.2832496863237139,0.3792346298619824,2279,160,3,0,1,24,0.2193944712593242,0.4251864853005704,0.4168648253155295
user023,2025-12-14,6,1,4601,18,22,15,1,18,24,0.1508367746142143,0.4431645294501195,2882,218,3,0,1,24,0.2175572519083969,0.4146426092990978,0.3851396498730455
user023,2025-12-15,0,0,6593,16,22,9,2,9,24,0.2196268769907477,0.4307598968603064,6070,428,2,0,1,24,0.1214168039538715,0.7481054365733114,0.4793492853194345
user023,2025-12-16,1,0,8972,17,29,8,1,8,24,0.2133303611234953,0.5344404814979937,4707,432,1,0,1,24,0.1098364138517102,0.7641810070108349,0.3441041011769866
user023,2025-12-17,2,0,9512,17,31,13,1,17,24,0.1359335576114382,0.5292262405382675,14236,730,1,0,1,24,0.0205816240516999,0.7099606631076145,0.5994610072427152
user023,2025-12-18,3,0,10266,19,31,12,1,14,24,0.2351451392947594,0.4660042859925969,10245,701,1,0,1,24,0.1715959004392386,0.6254758418740849,0.4994880795670616
user023,2025-12-19,4,0,9319,17,32,14,1,18,24,0.1682583968236935,0.4603498229423758,9589,478,1,0,1,24,0.0294086974658462,0.6652414224632391,0.5071398349904802
user023,2025-12-20,5,1,7272,17,19,18,1,19,24,0.2304730473047304,0.3939768976897689,1453,144,1,0,1,24,0.1940812112869924,0.296627666896077,0.1665329512893982
user023,2025-12-21,6,1,8739,17,12,21,1,24,24,0.2475111568829385,0.4111454399816913,1106,80,1,0,1,24,0.255877034358047,0.3806509945750452,0.1123412899949212
user023,2025-12-22,0,0,12127,16,26,10,1,10,24,0.2955388801847118,0.4620268821637668,4917,412,1,0,1,24,0.0573520439292251,0.8529591214154972,0.2884886176953766
user023,2025-12-23,1,0,10285,16,24,9,1,9,24,0.1659698590179873,0.5234807972775887,3642,366,1,0,1,24,0.0870400878638111,0.7023613399231191,0.2615064263660515
user023,2025-12-24,2,0,8430,16,29,10,1,11,24,0.2421115065243179,0.4155397390272835,3509,409,3,0,1,24,0.1393559418637788,0.6514676546024508,0.2939107127900159
user023,2025-12-25,3,0,7750,17,22,10,1,10,24,0.2375483870967742,0.3910967741935484,6337,484,2,0,1,24,0.1230866340539687,0.6635632002524854,0.4498473770142684
user023,2025-12-26,4,0,8119,16,24,10,1,10,24,0.1939894075625077,0.4863899495011701,4141,334,2,0,1,24,0.0808983337358126,0.7416083071721806,0.3377650897226754
user023,2025-12-27,5,1,6539,14,11,8,1,8,24,0.2379568741397767,0.3904266707447621,1640,157,3,0,1,24,0.173780487804878,0.4067073170731707,0.200513510209072
user023,2025-12-28,6,1,6332,17,24,16,1,19,24,0.2642135186355022,0.3997157296272899,1764,169,3,0,1,24,0.2590702947845805,0.4535147392290249,0.2178853754940711
user023,2025-12-29,0,0,7151,16,22,10,1,10,24,0.1438959586071878,0.4929380506222905,2199,234,3,0,1,24,0.1309686221009549,0.5075034106412005,0.235187165775401
user023,2025-12-30,1,0,7272,14,14,9,2,9,24,0.242986798679868,0.3927392739273927,2709,251,3,0,1,24,0.2218530823181985,0.4178663713547434,0.2714156898106402
user023,2025-12-31,2,0,6874,13,16,8,2,8,24,0.2468722723305208,0.3885656095432063,1698,219,3,0,1,24,0.1884570082449941,0.5212014134275619,0.198086794213719
user024,2025-12-01,0,0,15423,19,37,13,1,18,24,0.1010179601893276,0.5675938533359268,5042,448,1,0,1,24,0.3086076953589845,0.4047996826656089,0.2463718543855362
user024,2025-12-02,1,0,12670,17,33,5,1,8,24,0.2222573007103394,0.3949486977111286,1186,213,1,0,1,11,0.5682967959527825,0.0885328836424957,0.085594688221709
user024,2025-12-03,2,0,15605,15,33,6,1,7,24,0.1195770586350528,0.481448253764819,2647,294,2,0,1,12,0.000377786173026,0.3834529656214582,0.1450252027175104
user024,2025-12-04,3,0,13070,16,44,6,1,9,24,0.1998469778117827,0.6142310635042081,9631,749,1,0,1,24,0.1543972588516249,0.6137472744263316,0.4242544381304788
user024,2025-12-05,4,0,16451,18,49,7,1,9,24,0.0817579478451158,0.6079873563917088,7860,691,1,0,1,24,0.1614503816793893,0.6040712468193384,0.3233104356052815
user024,2025-12-06,5,1,7074,12,20,5,1,5,24,0.3227311280746395,0.3469041560644614,3874,309,1,0,1,24,0.215539494062984,0.4277232834279814,0.3538545853123858
user024,2025-12-07,6,1,6333,11,18,4,1,4,24,0.2431706931943786,0.390652139586294,4067,301,1,0,1,24,0.2289156626506024,0.4138185394639783,0.3910576923076923
user024,2025-12-08,0,0,16758,18,49,7,1,9,24,0.0911206587898317,0.6320563313044516,5073,485,1,0,1,24,0.1801695249359353,0.5156712004730929,0.2323759791122715
user024,2025-12-09,1,0,16514,19,68,6,1,7,24,0.142545718784062,0.5709700859876469,6690,658,1,0,1,24,0.1491778774289985,0.5448430493273543,0.2883123599379417
user024,2025-12-10,2,0,16406,16,34,7,1,8,24,0.0955747897110813,0.5796050225527246,7126,674,1,0,1,24,0.1080550098231827,0.4673028346898681,0.3028216896141424
user024,2025-12-11,3,0,15511,17,37,6,1,8,24,0.145638579072916,0.5028044613500097,6996,583,1,0,1,24,0.3040308747855917,0.2915951972555746,0.3108366286044342
user024,2025-12-12,4,0,12014,14,39,6,1,6,24,0.1874479773597469,0.5249708673214583,7744,600,1,0,1,24,0.1670971074380165,0.5559142561983471,0.3919425043020548
user024,2025-12-13,5,1,8254,13,18,5,1,5,24,0.2446086745820208,0.3893869638962927,4467,346,1,0,1,24,0.2433400492500559,0.3931049921647638,0.3511516390220894
user024,2025-12-14,6,1,8207,11,18,4,1,4,24,0.2438162544169611,0.3879614962836603,4279,338,1,0,1,24,0.2185089974293059,0.4021967749474176,0.3427038282876822
user024,2025-12-15,0,0,13622,16,40,6,1,6,24,0.1474086037292614,0.633387167816767,5366,543,1,0,1,24,0.1839358926574729,0.5201267238166232,0.2825995365493996
user024,2025-12-16,1,0,15469,15,40,5,1,7,24,0.1133234210356196,0.596160062059603,4699,512,1,0,1,24,0.1791870610768248,0.5088316663119813,0.2329928599761999
user024,2025-12-17,2,0,15679,14,36,7,1,8,24,0.1058103195356846,0.5843484916129855,5007,537,1,0,1,24,0.1591771519872179,0.5739964050329539,0.2420477617712462
user024,2025-12-18,3,0,15589,15,33,5,1,5,24,0.1492077747129386,0.5344152928346911,5574,602,1,0,1,24,0.117151058485827,0.6733046286329386,0.2633842082880499
user024,2025-12-19,4,0,15052,13,30,5,1,5,24,0.1373903800159447,0.5277703959606697,3588,422,1,0,1,24,0.185340022296544,0.5228539576365663,0.1924892703862661
user024,2025-12-20,5,1,7625,11,15,5,1,5,24,0.3659016393442623,0.3148852459016393,2833,314,1,0,1,24,0.2389692905047652,0.3903988704553477,0.270893096194301
user024,2025-12-21,6,1,6439,10,16,4,1,4,24,0.2456903245845628,0.3789408293213231,2828,298,1,0,1,24,0.2050919377652051,0.4324611032531825,0.3051688788173087
user024,2025-12-22,0,0,15054,18,35,9,1,11,24,0.1072140294938222,0.5087684336389,4068,479,1,0,1,24,0.1597836774827925,0.5690757128810227,0.2127392532161907
user024,2025-12-23,1,0,16468,22,72,10,1,13,24,0.2461136750060724,0.5014573718727229,5941,626,1,0,1,24,0.1169836727823598,0.5549570779330079,0.2651166941853719
user024,2025-12-24,2,0,20736,20,38,11,1,13,24,0.1739004629629629,0.449122299382716,8147,528,1,0,1,24,0.1411562538357677,0.3727752546949797,0.2820690371498806
user024,2025-12-25,3,0,18063,20,35,13,1,15,24,0.2226097547472734,0.4431157615014117,12688,610,1,0,1,24,0.2228877679697352,0.3537988650693568,0.4126044681473773
user024,2025-12-26,4,0,19705,19,51,6,1,7,24,0.1977670641969043,0.5090586145648313,11679,646,1,0,1,24,0.2169706310471787,0.4440448668550389,0.3721322967117002
user024,2025-12-27,5,1,7338,12,16,4,1,5,24,0.3171163804851458,0.3411011174707005,8967,352,1,0,1,24,0.2494702799152447,0.3870859819337571,0.5499540018399264
user024,2025-12-28,6,1,6566,12,18,5,1,6,24,0.2385013706975327,0.3804447151995126,9261,342,1,0,1,24,0.2425224057877119,0.3812763200518302,0.5851393188854489
user024,2025-12-29,0,0,16519,17,33,6,1,7,24,0.097584599552031,0.573945154065016,8872,402,1,0,1,24,0.2507889990982867,0.4009242560865644,0.3494151470993659
user024,2025-12-30,1,0,9256,15,29,5,1,5,18,0.2420051858254105,0.6535220397579948,5985,365,1,0,1,19,0.3321637426900585,0.504594820384294,0.3926907683222885
user024,2025-12-31,2,0,65,3,2,14,1,16,2,0.0,0.0307692307692307,29,10,1,0,1,2,0.0,0.4827586206896552,0.3085106382978723
user025,2025-12-01,0,0,3397,17,5,5,1,7,17,0.0,0.5569620253164557,6537,325,1,0,1,17,0.0,0.5291418081688848,0.6580430843567546
user025,2025-12-02,1,0,5259,19,6,5,1,7,24,0.1918615706408062,0.4430500095075109,3691,207,1,0,1,11,0.5906258466540233,0.0598753725277702,0.4124022346368715
user025,2025-12-03,2,0,5247,18,6,5,1,5,24,0.1900133409567372,0.4236706689536878,2866,177,1,0,1,10,0.0003489183531053,0.2875087229588276,0.3532601996795267
user025,2025-12-04,3,0,5950,17,6,6,1,6,24,0.1915966386554622,0.4988235294117647,9851,339,1,0,1,24,0.2186580042635265,0.4341691198863059,0.6234415543320043
user025,2025-12-05,4,0,5438,19,5,5,1,5,24,0.1883045237219566,0.4942993747701361,10231,351,1,0,1,24,0.2103411201251099,0.4539145733554882,0.6529453060182526
user025,2025-12-06,5,1,4194,11,2,4,1,4,24,0.2417739628040057,0.3814973772055317,8598,260,1,0,1,24,0.2465689695277971,0.3770644335892067,0.6721388367729831
user025,2025-12-07,6,1,4193,11,2,4,1,4,24,0.2437395659432387,0.3799189124731695,7805,238,1,0,1,22,0.2681614349775785,0.4293401665598975,0.6505250875145857
user025,2025-12-08,0,0,4876,15,5,5,1,5,24,0.2075471698113207,0.4901558654634946,8542,325,1,0,1,24,0.2259424022477171,0.4378365722313275,0.6366075421076166
user025,2025-12-09,1,0,5193,18,6,6,1,7,24,0.1950702869247063,0.4409782399383786,9042,385,1,0,1,24,0.2439725724397257,0.3920592789205928,0.6351949420442571
user025,2025-12-10,2,0,4981,18,6,5,1,5,24,0.204778156996587,0.4653683999196948,9145,357,1,0,1,24,0.2383816293056315,0.3965008201202843,0.647387795554297
user025,2025-12-11,3,0,6042,18,5,5,1,5,24,0.1696458126448196,0.5486593843098312,9525,332,1,0,1,24,0.2366404199475065,0.3993700787401574,0.6118712661399114
user025,2025-12-12,4,0,3815,16,6,5,1,5,21,0.2891218872870249,0.528178243774574,8221,302,1,0,1,19,0.2656611117868872,0.5998053764748814,0.6830342306414091
user025,2025-12-13,5,1,15,1,1,4,1,4,10,0.3333333333333333,0.5333333333333333,0,0,0,0,0,0,0.0,0.0,0.0
user025,2025-12-15,0,0,3498,20,6,5,1,5,17,0.0,0.5986277873070326,2445,321,1,0,1,17,0.0,0.4961145194274028,0.4114083796062595
user025,2025-12-16,1,0,4658,15,6,5,1,5,24,0.1771146414770287,0.4776728209531988,5901,345,1,0,1,24,0.0986273512963904,0.4299271309947466,0.5588597405057297
user025,2025-12-17,2,0,5204,16,5,5,1,5,24,0.1792851652574942,0.4730976172175249,9536,328,1,0,1,24,0.2559773489932886,0.3357802013422818,0.6469470827679783
user025,2025-12-18,3,0,5716,16,6,5,1,5,24,0.1896431070678796,0.4681595521343596,9169,423,1,0,1,24,0.2260879048969353,0.4004798778492747,0.6159892509237488
user025,2025-12-19,4,0,4700,15,6,5,1,5,19,0.2304255319148936,0.5576595744680851,6594,288,1,0,1,18,0.3249924173491052,0.4915074309978768,0.5838498317690809
user025,2025-12-20,5,1,2,1,0,2,1,2,2,1.0,0.0,0,0,0,0,0,0,0.0,0.0,0.0
user025,2025-12-22,0,0,2557,17,5,5,1,5,16,0.0,0.6937817755181854,2057,341,1,0,1,15,0.0,0.7233835683033544,0.4458170784568704
user025,2025-12-23,1,0,3966,20,5,5,1,5,24,0.1560766515380736,0.5194150277357539,2537,321,1,0,1,24,0.1880173433188805,0.4331888056759952,0.3901276333999692
user025,2025-12-24,2,0,4610,16,5,5,1,5,24,0.1644251626898047,0.4574837310195228,2546,332,1,0,1,24,0.2097407698350353,0.4234092694422623,0.3557853549468977
user025,2025-12-25,3,0,3922,14,6,5,1,5,24,0.2118816930137685,0.4637939826619072,2509,333,1,0,1,24,0.18333997608609,0.469908330011957,0.3901415020992069
user025,2025-12-26,4,0,4183,15,5,5,1,5,19,0.1886206072196987,0.6846760698063591,2470,357,2,0,1,18,0.2214574898785425,0.6546558704453441,0.3712610852247106
user025,2025-12-27,5,1,10,1,1,4,1,4,2,0.0,0.6,0,0,0,0,0,0,0.0,0.0,0.0
user025,2025-12-29,0,0,1833,14,5,4,1,4,10,0.0,0.4942716857610474,1445,237,1,0,1,10,0.0,0.643598615916955,0.4408175716900549
user025,2025-12-30,1,0,3732,16,7,5,1,5,17,0.2446409431939978,0.4981243301178992,1804,282,1,0,1,17,0.3037694013303769,0.4889135254988913,0.3258670520231214
user025,2025-12-31,2,0,1483,15,5,5,1,5,15,0.0,0.476062036412677,1439,228,1,0,1,12,0.0,0.556636553161918,0.4924709103353867
user054,2025-12-01,0,0,5187,13,12,7,1,7,24,0.2421438210911895,0.3915558126084442,3674,324,3,0,1,24,0.2324442025040827,0.4270549809471965,0.4146258887258774
user054,2025-12-02,1,0,5752,18,29,11,1,17,24,0.2352225312934631,0.4487134909596662,1749,212,3,0,1,24,0.5723270440251572,0.1663807890222984,0.2331689108118917
user054,2025-12-03,2,0,6304,17,24,14,2,16,24,0.2006662436548223,0.4240164974619289,2267,314,3,0,1,23,0.0696956329951477,0.4190560211733569,0.2644965581612414
user054,2025-12-04,3,0,5871,16,17,12,2,13,24,0.2403338443195367,0.371827627320729,3749,355,2,0,1,24,0.2512670045345425,0.466791144305148,0.3897089397089397
user054,2025-12-05,4,0,6694,20,28,15,1,17,24,0.2097400657305049,0.462354347176576,4593,461,3,0,1,24,0.1748312649684302,0.529501415197039,0.4069283246212457
user054,2025-12-06,5,1,4952,13,13,8,1,8,24,0.2600969305331179,0.3685379644588045,3175,332,2,0,1,24,0.2692913385826772,0.3143307086614173,0.3906730650916697
user054,2025-12-07,6,1,4958,11,14,7,1,7,24,0.2390076643807987,0.3719241629689391,2710,299,3,0,1,24,0.2136531365313653,0.381549815498155,0.3534167970787689
user054,2025-12-08,0,0,5980,16,25,8,1,11,24,0.2103678929765886,0.4225752508361204,3365,344,3,0,1,24,0.2962852897473997,0.4115898959881129,0.3600856072766185
user054,2025-12-09,1,0,9253,17,26,9,2,13,24,0.1334702258726899,0.5168053604236463,4777,464,2,0,1,24,0.1708185053380783,0.5139208708394389,0.3404846756949394
user054,2025-12-10,2,0,9903,16,32,10,2,14,24,0.1362213470665454,0.4981318792285166,5487,498,3,0,1,24,0.1971933661381447,0.3767085839256424,0.3565302144249512
user054,2025-12-11,3,0,6237,18,56,10,1,15,24,0.24001924001924,0.5767195767195767,7665,508,2,0,1,24,0.1861709067188519,0.5604696673189824,0.5513595166163142
user054,2025-12-12,4,0,6204,19,55,13,2,16,24,0.0190199871050934,0.5772082527401676,6267,518,2,0,1,24,0.0702090314344981,0.6208712302537099,0.5025258599951888
user054,2025-12-13,5,1,5602,16,20,18,2,19,24,0.2290253480899678,0.4078900392716887,3967,379,3,0,1,24,0.2606503655155029,0.414671036047391,0.4145678754310795
user054,2025-12-14,6,1,5915,13,14,7,1,7,24,0.2863905325443787,0.3886728655959425,3686,361,3,0,1,24,0.2683125339120998,0.4015192620727075,0.3839183418393917
user054,2025-12-15,0,0,7363,16,32,9,1,9,24,0.1606682058943365,0.7183213364117886,4832,479,2,0,1,24,0.1825331125827814,0.5809188741721855,0.3962279622796228
user054,2025-12-16,1,0,5335,20,56,13,1,16,24,0.0176194939081537,0.5302717900656045,3684,388,1,0,1,24,0.1150922909880564,0.498642779587405,0.4084710056547289
user054,2025-12-17,2,0,5555,14,18,9,1,10,24,0.2363636363636363,0.4063006300630063,864,138,1,0,1,11,0.6238425925925926,0.0254629629629629,0.1346004050475152
user054,2025-12-18,3,0,8476,18,58,9,1,11,24,0.1483010854176498,0.5410571024067956,4504,485,2,0,1,17,0.0,0.8239342806394316,0.346995377503852
user054,2025-12-19,4,0,9158,17,30,10,1,10,24,0.1379122079056562,0.5872461236077746,3331,341,1,0,1,24,0.1912338637045932,0.4761332933053137,0.2667147089438706
user054,2025-12-20,5,1,6873,20,26,19,1,20,24,0.2332314855230612,0.4380910810417576,2688,276,1,0,1,24,0.2834821428571428,0.4222470238095238,0.2811421399435205
user054,2025-12-21,6,1,6036,14,14,7,1,7,24,0.241716368455931,0.3846918489065606,1192,173,1,0,1,12,0.5486577181208053,0.2541946308724832,0.1649142224681793
user054,2025-12-22,0,0,8292,16,35,9,1,11,24,0.1720935841775205,0.5172455378678245,3114,401,1,0,1,17,0.0,0.6358381502890174,0.2730142030510257
user054,2025-12-23,1,0,7895,18,29,9,1,9,24,0.1523749208359721,0.5584547181760608,3661,375,1,0,1,24,0.1644359464627151,0.583447145588637,0.3168051228798892
user054,2025-12-24,2,0,7069,19,27,9,1,9,24,0.1665016268213325,0.5071438675908898,5167,510,3,0,1,24,0.1434101025740274,0.4712599187149216,0.4222785223929389
user054,2025-12-25,3,0,7517,16,29,9,1,9,24,0.1649594253026473,0.6594386058267926,4277,405,2,0,1,23,0.2742576572363806,0.5333177460837035,0.3626420213667967
user054,2025-12-26,4,0,7101,19,32,13,1,15,20,0.000563300943529,0.6797634136037178,2739,363,2,0,1,18,0.0,0.5421686746987951,0.2783536585365854
user054,2025-12-27,5,1,5427,13,14,9,2,9,24,0.2393587617468214,0.3910079233462318,3248,340,2,0,1,24,0.2977216748768473,0.3817733990147783,0.3744092219020173
user054,2025-12-28,6,1,5943,14,15,8,2,8,24,0.2205956587582029,0.4260474507824331,2890,329,3,0,1,24,0.2325259515570934,0.3923875432525952,0.3271821578172761
user054,2025-12-29,0,0,8702,19,52,9,1,9,24,0.1544472535049414,0.5098827855665364,4431,453,3,0,1,24,0.1685849695328368,0.4206725344166102,0.3373943501104089
user054,2025-12-30,1,0,6590,17,27,10,1,10,24,0.2223065250379362,0.589226100151745,4860,545,3,0,1,24,0.1574074074074074,0.7209876543209877,0.4244541484716157
user054,2025-12-31,2,0,711,6,1,7,2,7,24,0.4008438818565401,0.2616033755274262,1192,94,2,0,1,20,0.4345637583892617,0.4437919463087248,0.626379400945875
user065,2025-12-01,0,0,4341,15,6,4,1,6,24,0.2112416493895415,0.4911310757889887,5413,472,1,0,1,24,0.1370774062442268,0.5656752263070386,0.5549518146401476
user065,2025-12-02,1,0,3724,13,5,5,1,7,24,0.212406015037594,0.4446831364124597,1657,239,1,0,1,12,0.6071213035606517,0.0555220277610138,0.3079353280059468
user065,2025-12-03,2,0,4434,12,5,5,1,5,24,0.2298150654036987,0.4298601714027966,1688,238,1,0,1,10,0.0005924170616113,0.5195497630331753,0.2757268866383535
user065,2025-12-04,3,0,3464,12,5,5,1,5,24,0.2661662817551963,0.3195727482678984,4438,425,1,0,1,24,0.2232987832356917,0.4853537629562866,0.5616299670969375
user065,2025-12-05,4,0,3505,13,5,5,1,5,24,0.2607703281027104,0.4522111269614836,4374,436,1,0,1,24,0.1778692272519433,0.5132601737540009,0.5551465922071329
user065,2025-12-06,5,1,1501,7,1,3,1,3,24,0.2471685542971352,0.3817455029980013,4012,374,1,0,1,24,0.2390329012961116,0.4224825523429711,0.7277344458552513
user065,2025-12-07,6,1,1482,7,1,3,1,3,24,0.2489878542510121,0.3805668016194332,4032,361,1,0,1,24,0.2492559523809523,0.3918650793650793,0.7312295973884657
user065,2025-12-08,0,0,3283,14,5,5,1,5,24,0.1139201949436491,0.5836125494974109,4658,446,1,0,1,24,0.1996565049377415,0.5463718334048948,0.5865759979851404
user065,2025-12-09,1,0,3733,14,5,5,1,5,24,0.2116260380391106,0.4562014465577284,8096,433,1,0,1,24,0.1253705533596838,0.685647233201581,0.6844196466311607
user065,2025-12-10,2,0,3545,15,6,4,1,4,24,0.1799717912552891,0.6081805359661495,5851,583,1,0,1,24,0.1555289694069389,0.6092975559733379,0.6227117922520221
user065,2025-12-11,3,0,3309,13,5,4,1,4,24,0.1042611060743427,0.5838621940163191,6812,490,1,0,1,24,0.1225778038755138,0.4618320610687023,0.6730560221322004
user065,2025-12-12,4,0,4417,12,5,4,1,4,24,0.1833823862350011,0.5347520941815712,12373,516,1,0,1,24,0.1970419461731188,0.4794310191546108,0.7369267421083978
user065,2025-12-13,5,1,3235,9,1,3,1,3,24,0.2482225656877898,0.3789799072642967,10504,337,1,0,1,24,0.2566641279512566,0.3689070830159939,0.7645389038503531
user065,2025-12-14,6,1,3232,8,1,3,1,3,24,0.2484529702970297,0.3740717821782178,10281,288,1,0,1,24,0.2506565509191713,0.3738935901176928,0.7608229112706283
user065,2025-12-15,0,0,3496,15,5,5,1,5,24,0.2265446224256292,0.4676773455377574,11454,472,1,0,1,24,0.2301379430766544,0.4250043652872359,0.7661538461538462
user065,2025-12-16,1,0,4287,12,4,4,1,4,24,0.1784464660601819,0.5554000466526708,6559,323,1,0,1,17,0.3770391828022564,0.4276566549778929,0.6047390743131108
user065,2025-12-17,2,0,3161,16,5,5,1,5,24,0.1961404618791521,0.5428661815881051,2,2,1,0,1,2,0.0,1.0,0.0006323110970597
user065,2025-12-18,3,0,3226,13,5,5,1,5,24,0.1171729696218226,0.5824550526968382,0,0,0,0,0,0,0.0,0.0,0.0
user065,2025-12-19,4,0,2695,14,5,5,1,5,21,0.2389610389610389,0.5918367346938775,0,0,0,0,0,0,0.0,0.0,0.0
user065,2025-12-22,0,0,2159,15,6,4,1,4,17,0.0,0.6475220009263548,0,0,0,0,0,0,0.0,0.0,0.0
user065,2025-12-23,1,0,3410,16,6,5,1,5,24,0.132258064516129,0.5425219941348973,0,0,0,0,0,0,0.0,0.0,0.0
user065,2025-12-24,2,0,3641,12,5,5,1,5,24,0.162318044493271,0.4946443284811865,4797,492,1,0,1,24,0.2063789868667917,0.4998957681884511,0.5684996444655132
user065,2025-12-25,3,0,3415,12,5,5,1,5,24,0.244216691068814,0.3619326500732064,4986,500,1,0,1,24,0.1839149618933012,0.5328920978740473,0.5935007737174146
user065,2025-12-26,4,0,3530,10,1,4,1,4,24,0.2478753541076487,0.3818696883852691,3190,331,1,0,1,24,0.2420062695924764,0.3510971786833856,0.4747023809523809
user065,2025-12-27,5,1,3508,9,1,3,1,3,24,0.2485746864310148,0.3808437856328392,3200,345,1,0,1,24,0.2646875,0.3559375,0.4770423375074538
user065,2025-12-28,6,1,3295,14,6,14,1,16,24,0.2634294385432473,0.3745068285280728,3506,353,1,0,1,24,0.2338847689674843,0.3839132915002852,0.5155124246434348
user065,2025-12-29,0,0,3610,15,5,5,1,5,24,0.2094182825484764,0.4595567867036011,3676,389,1,0,1,24,0.2078346028291621,0.441784548422198,0.5045292341476805
user065,2025-12-30,1,0,3330,13,5,5,1,5,24,0.2192192192192192,0.4345345345345345,4231,512,1,0,1,24,0.1503190735050815,0.601512644764831,0.5595820658643037
user065,2025-12-31,2,0,3068,9,1,3,1,3,24,0.2460886571056062,0.3810299869621903,2526,286,1,0,1,24,0.2351543942992874,0.3697545526524148,0.4515552377547372
