Timestamp,Name,DeviceProduct,DeviceVendor,DestinationAddress,DestinationUserName,SourceUserName,SourceProcessName,DeviceEventClassID,DeviceCustomString4,DeviceCustomString4Label,DeviceEventCategory,Date
2025-12-01 00:00:29,An account was logged off.,Windows,Microsoft,10.14.1.71,user001,,,4634,,,Microsoft-Windows-Security-Auditing,2025-12-01
2025-12-01 00:00:34,A new process has been created.,Windows,Microsoft,10.50.101.5,user001,tmtp-003672$,C:\\Windows\\System32\\svchost.exe,4688,C:\\Windows\\system32\\backgroundTaskHost.exe -ServerName:Global.DesktopSpotlight.AppXz2j21w56bgxkgsjhtn7zkjsepq96erz2.mca,Command Line,Microsoft-Windows-Security-Auditing,2025-12-01
2025-12-01 00:00:34,A new process has been created.,Windows,Microsoft,10.50.101.5,user001,tmtp-003672$,C:\\Windows\\System32\\svchost.exe,4688,C:\\Windows\\System32\\RuntimeBroker.exe -Embedding,Command Line,Microsoft-Windows-Security-Auditing,2025-12-01
2025-12-01 00:00:46,An account was logged off.,Windows,Microsoft,10.14.1.71,user001,,,4634,,,Microsoft-Windows-Security-Auditing,2025-12-01
2025-12-01 00:00:55,Group membership information.,Windows,Microsoft,10.14.1.71,user001,-,,4627,,,Microsoft-Windows-Security-Auditing,2025-12-01
2025-12-01 00:00:55,An account was successfully logged on.,Windows,Microsoft,10.14.1.71,user001,-,Kerberos,4624,-,Restricted admin mode,Microsoft-Windows-Security-Auditing,2025-12-01
2025-12-01 00:02:34,A new process has been created.,Windows,Microsoft,10.50.101.5,user001,tmtp-003672$,C:\\Windows\\System32\\svchost.exe,4688,C:\\Users\\A.Avakian\\AppData\\Local\\Microsoft\\OneDrive\\25.209.1026.0002\\FileCoAuth.exe -Embedding,Command Line,Microsoft-Windows-Security-Auditing,2025-12-01
2025-12-01 00:03:30,A new process has been created.,Windows,Microsoft,10.50.101.5,user001,tmtp-003672$,C:\\Windows\\System32\\svchost.exe,4688,C:\\Windows\\System32\\RuntimeBroker.exe -Embedding,Command Line,Microsoft-Windows-Security-Auditing,2025-12-01
2025-12-01 00:03:30,A new process has been created.,Windows,Microsoft,10.50.101.5,user001,tmtp-003672$,C:\\Windows\\System32\\svchost.exe,4688,C:\\Windows\\system32\\BackgroundTaskHost.exe -ServerName:BackgroundTaskHost.WebAccountProvider,Command Line,Microsoft-Windows-Security-Auditing,2025-12-01
